2.999980120592318,3.0000036869305498,0.9999925764542519;2.9865364106567682,3.149191311188187,1.7507963267948965
2.999980117379559,3.0000037058507605,0.999992576450596;2.8847535113327463,3.456764894477783,1.3536080820691159
2.999980114166787,3.0000037247710134,0.9999925764469182;2.954150300260765,3.3013297309044627,1.5654249495941708
2.9999801108566433,3.000003744264652,0.9999925764431055;2.9540559504635304,3.4072883142121917,1.5551403137871773
2.999980107643844,3.0000037631849903,0.9999925764393822;2.955276969557718,3.418551394350733,1.5363473425122818
2.9999801044310312,3.00000378210537,0.9999925764356368;2.955879143812168,3.4514182992261597,1.510887954357387
2.9999801011208462,3.0000038015991404,0.9999925764317548;2.949624625100925,3.455888260905417,1.5372471484345342
2.9999800979080065,3.000003820519605,0.999992576427964;2.9456853481866303,3.481357753590735,1.527887536152335
2.999980094695153,3.0000038394401116,0.9999925764241512;2.9207857344043004,3.4513023671332834,1.5237615500633819
3.0004448923439937,3.000004028854769,0.9999925964697565;2.9032205887057567,3.438126081818684,1.5322835591716548
3.001763695993891,3.000004075292219,0.9999925947114414;2.8928176093664026,3.4357240457758396,1.5261089861409765
3.003938555326162,3.0000040727855963,0.9999925920032037;2.8804947622810926,3.4093425415875656,1.5818190821758185
3.007067822500507,3.0000039441808632,0.999992587855816;2.8777198226347673,3.4134244320097236,1.5420835906875905
3.010943344481459,3.00000355860234,0.9999925825032671;2.8807605999990273,3.4208627987184173,1.5355444112009902
3.015590900668597,3.0000026590505082,0.999992575460463;2.8847129991762235,3.441381479486097,1.5253550851476598
3.02108210628798,3.0000006179474656,0.9999925664216768;2.891591684824152,3.4492707973212346,1.5186360967017887
3.0269291710007775,2.9999958316599913,0.9999925559125199;2.9025023665485707,3.458630064869221,1.5472818024014967
3.033049703110531,2.999976430314688,0.9999925312379813;2.913324150561072,3.4543707103752617,1.5254717525796886
3.039404413803803,2.9999543535321957,0.999992532759335;2.9299803192793448,3.387961937964362,1.5106593527186822
3.04577207393379,2.9999591946095565,0.9999925470423022;2.930435074851688,3.4607445835229047,1.5303879088457857
3.052617690376307,2.9999587779471604,0.9999925447829137;2.930354660988946,3.4740987049044207,1.5169378068625576
3.0604123299934765,2.9999546801381105,0.9999925264824896;2.9288555346060683,3.4548386469592263,1.507394332771365
3.068823881107996,2.999946748092818,0.9999924889056572;2.926719465169728,3.4516634615285064,1.5313958933300404
3.0780216255652357,2.9999331227087573,0.9999924200916585;2.9338312713651487,3.4804942204156943,1.5346562024978152
3.0880420963802426,2.999905550559929,0.9999922670613469;2.9190134684190867,3.4501546439466915,1.5048187460746394
3.097905901059103,2.9998665947034633,0.9999920215975441;2.9354777029834866,3.4917827280717537,1.5281205766243036
3.1080210599799276,2.999851548560526,0.9999918924568437;2.918751753678028,3.459531662817252,1.4965220902445466
3.119069723335469,2.9998253395205654,0.9999916302153158;2.9223575646553694,3.474006873433439,1.5260450213438874
3.13061367842219,2.999789984509368,0.9999912090682246;2.9231246089722513,3.480852859059462,1.5403960158431296
3.142976547664243,2.9997426190292904,0.9999905315930285;2.9227799166080812,3.501148776513065,1.51587434156753
3.156342230979953,2.9996776325960424,0.999989398906718;2.9285833047468497,3.513043620613833,1.5049614787457783
3.1695255832926037,2.9995953999755485,0.9999876899878369;2.9396709476802436,3.5307537204969726,1.5574718322329726
3.1828836145567174,2.9995089775388637,0.9999854456983441;2.9510218099762087,3.5225111714975186,1.5354045716303666
3.197198473620348,2.9993899104297546,0.9999816266540756;2.9588383128963605,3.5537355556858556,1.5255823339145018
3.2118778564067965,2.9992364925421935,0.9999755049329286;2.970375824912076,3.560606248055274,1.5015918665633092
3.22739103621681,2.9990323708727145,0.9999652739592656;2.982842999734289,3.5441953819718446,1.4876093413316342
3.243954828233725,2.9987615850221867,0.9999539453105728;2.9869109031209,3.5820053389263986,1.4839752818607364
3.260116145329854,2.998468711581497,0.999946440066357;2.9927853737811922,3.6472845869524124,1.4998664034968812
3.276322787369869,2.9981490686886874,0.9999423941014955;2.987530341663203,3.6007367082054578,1.5533560842615015
3.293231481873338,2.9978258025548707,0.9999537633643617;2.9896240532572134,3.6448770337072793,1.475037022291145
3.3097008270799786,2.997560308031559,0.9999662535892075;2.9767447207720408,3.624131877225168,1.5264532660274583
3.3261739658820506,2.9973458974487857,0.9999763050060199;2.98247531748217,3.674192441630706,1.435252890163778
3.343149530712545,2.9971783258541884,0.9999841060014962;2.9759502789207164,3.655428873475118,1.5166512239931136
3.359613725316827,2.9970665373731986,0.9999890220375944;2.983047900870654,3.6899430883448527,1.4675298057447304
3.3760728235013677,2.997002006963079,0.9999918776173937;2.9970093558204485,3.7342077488331795,1.5323245021395253
3.3930375064865244,2.9969912097644613,0.9999923929704188;2.9924901493169713,3.6955968552330365,1.4434726411366912
3.4095051050114256,2.997038601556549,0.9999898568150242;3.0088300238048555,3.75522904091399,1.4870502228805296
3.425975393717504,2.9971428799050357,0.9999843390819717;3.0174452587460228,3.752521659127157,1.5213444599067665
3.442947260455012,2.997309698734594,0.9999755715443888;3.0609317022328897,3.7511338967737666,1.526018903719522
3.459416110936043,2.9975287278964386,0.999964192440475;3.085186515090995,3.7681762688191727,1.4611444563263047
3.4758617724678844,2.997804196052176,0.9999491198641285;3.100243953034409,3.803485275331942,1.459636332038914
3.492816658084727,2.9981533198130683,0.9999285500584029;3.1254246802510446,3.7808012260423878,1.4639305745817106
3.5092751646119593,2.998556508139673,0.9999049182993965;3.1497835808475116,3.7916355654068847,1.5240082542064535
3.525734884956418,2.999023079668713,0.9998776191915533;3.159915722841138,3.8251655640315945,1.5153208963854767
3.5426946882306267,2.9995699938330045,0.9998456872482908;3.1701220103412107,3.8680306642329656,1.431191497056542
3.5591542049526828,3.0001647889249123,0.9998111292311702;3.1716772987752666,3.8765883809048094,1.4732318422970556
3.575598544100433,3.000821740242029,0.9997726425361925;3.1848073620973563,3.911893022808803,1.454093079625211
3.592528405973754,3.0015700972884907,0.9997228107955343;3.1744608479337373,3.8911906800073472,1.4354304513155942
3.6089677261366337,3.00236846092758,0.9996707969666274;3.1863332879177397,3.9304609634480663,1.447983800585821
3.6254065021058435,3.003237303285282,0.9996142887100932;3.185049519013286,3.9330422371280953,1.4748881255092623
3.6423427064028284,3.0042060842068863,0.9995513773961557;3.1853302641952714,3.942968019217226,1.4326433018094353
3.658777958292552,3.00521753384487,0.9994860755867347;3.219514568608433,3.999341885400407,1.4685322205412323
3.6752023201197423,3.0062978793032933,0.9994169820220921;3.2264839168118993,3.9871246882558604,1.431739457778815
3.6921056472709672,3.007487269571356,0.9993297955887704;3.2523911006009114,4.031763030004688,1.4419137055717974
3.7085141937185604,3.0087220670868176,0.9992405504896691;3.2704145765431276,4.019908986016446,1.460730919360819
3.724918425742797,3.01003501062403,0.9991455635528849;3.2876815014425045,4.047092252123379,1.4248122149893805
3.7418163391368733,3.011469494303281,0.9990418988299882;3.3008469260160394,4.09167786102295,1.4323909917579751
3.7582120680097044,3.0129407948433933,0.9989360966079226;3.3292246317507614,4.064153590860971,1.4199969766833271
3.7745962345993047,3.0144887771440674,0.9988263624219935;3.3468011179571624,4.093854318659202,1.4510761869093471
3.7914449800990058,3.016166482811597,0.9986874560753217;3.365486337045805,4.101436061231257,1.4137930054695336
3.8077966839159045,3.0178868748626777,0.9985468854744856;3.379173448312989,4.114555019452176,1.4432459240757813
3.8241483001173595,3.019694668657136,0.9984013655040954;3.3942992419120848,4.14540896172561,1.4243156434022288
3.8409883916804604,3.0216479142120227,0.9982442470138037;3.4088631160004357,4.160921369333839,1.4176593339476433
3.8573246784945825,3.0236313627598745,0.9980853211886325;3.454536631059718,4.229315126836847,1.420305743133059
3.873646760694638,3.0256999119539056,0.9979221352389295;3.472077243890369,4.2463885049416765,1.3841519957577844
3.8904428377035236,3.027923312159553,0.9977241680214635;3.4640938387644047,4.2225514127023285,1.4053542391332428
3.906714918261084,3.0301785699322483,0.9975159839272485;3.480515455638292,4.2516445184454525,1.4030340040741103
3.9229908092756265,3.032532429747099,0.9973050599700661;3.4899942057300017,4.2602631601444765,1.4112179561400227
3.939748291836924,3.0350580208010816,0.997078853244431;3.51119151675827,4.298723770693961,1.3872164774988684
3.9560000083501676,3.0376064051666773,0.9968512945255881;3.5266866303687947,4.3482663438581035,1.443027288074252
3.9722330495444322,3.0402489308019636,0.9966189564256677;3.5383138435103514,4.294127492797377,1.4392788792476796
3.988936544398614,3.043073745109296,0.9963412977273749;3.5539902392079266,4.30146435016646,1.4262720945723049
4.005108258681009,3.045919486453302,0.9960488856148524;3.574634985740148,4.351791323200796,1.3937322742323133
4.021277687985017,3.0488761480435773,0.9957532566442397;3.583094239667902,4.365630852998134,1.4014761163530103
4.03792073595559,3.052033437414973,0.9954382479871846;3.6088923635603245,4.315971348736824,1.3874536895663916
4.054055667876696,3.0552051302860366,0.9951225439058614;3.620786285056889,4.38765116668502,1.3920110131748598
4.0701658041296325,3.058480616050064,0.9948012178315474;3.6396949851108213,4.420519629679868,1.4050141876432238
4.08673766781991,3.061968520546334,0.9944197862551833;3.6538381079552296,4.437164427915614,1.4220173171625614
4.102788852439407,3.0654691284779987,0.9940296439901607;3.6693850101010206,4.451310454498695,1.4134394337597227
4.118803470119248,3.0690868234588313,0.9936188367317155;3.681469871929283,4.471878851699575,1.4273997050299294
4.135291492338764,3.0729395477656403,0.9931902764462743;3.67715633979861,4.463661158472858,1.359591641891313
4.151268808838161,3.0767971983913798,0.9927620577772645;3.692845976749903,4.502058466973943,1.3891755117628177
4.167213542017113,3.0807689159256304,0.9923271724189152;3.688511286753016,4.512802490361504,1.3517758404519187
4.183607198687225,3.0849856853339186,0.9918128152370375;3.7010610912250823,4.5332130721888655,1.3655404111017238
4.199484871300985,3.0892067491566904,0.9912949618074905;3.6933075159648636,4.511127322059823,1.3788801884607986
4.2153050469372175,3.0935505272646275,0.9907420272760988;3.7254007420335387,4.581865653691788,1.3651959896544767
4.231587823112187,3.0981670122685867,0.9901697349895009;3.7326416318083413,4.558833992864683,1.3764265370511126
4.247356021505793,3.102777303838735,0.9895986247222808;3.752799751351905,4.581886381166056,1.3702667099396983
4.263081949420832,3.1075124698722134,0.9890195435391185;3.7870822261776196,4.628608471051334,1.39721892172941
4.279239490573779,3.112527777311528,0.9883360885611893;3.810853918984943,4.63526388262595,1.3377913354168038
4.2948796340618225,3.117537064405332,0.9876515950764163;3.8373702116307142,4.6396151805980725,1.400551455024621
4.310465218885502,3.122682003421457,0.9869368307100083;3.863702616283542,4.633028327239721,1.3371460699581572
4.326466359618583,3.128129500335463,0.9861708304365273;3.8887445032852623,4.681405323967685,1.3256342786010529
4.341960791799023,3.13356241811011,0.9854190469372156;3.898279286391559,4.6784588946524295,1.3296219729467136
4.357401029811313,3.1391313539740104,0.9846577542578117;3.929855374179523,4.738858604433128,1.382816449694162
4.3732506335322,3.145017900782989,0.9837609886347224;3.9594051714087786,4.758603122529343,1.3839495462341802
4.388579549547923,3.150886244962014,0.9828647722031258;3.970751055004711,4.783974745371722,1.353899668362711
4.403849839736508,3.1569052520985723,0.9819421859437176;3.970618378332931,4.790659059881448,1.3645568369482746
4.419497148967116,3.163257482177379,0.9809382133487775;3.9718640219344805,4.788681260333809,1.3789843753619806
4.434637980220401,3.169585230166451,0.9799598860815923;3.9770494265432768,4.805066988577112,1.344921474826951
4.449709506307122,3.1760600142949214,0.9789691044866615;3.9915095944015313,4.826715651252927,1.3370024076376001
4.465162537223176,3.1828921373722454,0.9778038144302111;4.034544757604352,4.902839855690527,1.2874212696814047
4.480089848572916,3.1896915008794866,0.9766404779590457;4.043935454187551,4.900785374627493,1.3477639065987324
4.494944075697673,3.196655140454087,0.9754476739491037;4.065005875542612,4.885623133792952,1.3517819559597835
4.510160774461275,3.2039966086467375,0.9741749503174322;4.084210608468679,4.8941444834431165,1.3385092479880771
4.524835936359773,3.2112845306047566,0.9728951179686267;4.106033225441017,4.920374989580538,1.3738067766113138
4.539435515355984,3.218736447411878,0.971617149478286;4.123852314233674,4.932491476512889,1.349845189525921
4.554382394232223,3.226587227132356,0.9701162101771844;4.149814451203014,4.940014407943543,1.3243290082719579
4.56879782538536,3.2343881655053557,0.9686181819192925;4.179743916286406,4.974634178369265,1.3229812138106487
4.5831200530391945,3.2423659839775167,0.9670848838471624;4.207864348221691,5.012055914581601,1.3307519467743585
4.597774434990773,3.2507680804705315,0.9654650009864009;4.222403591872343,5.033373297484932,1.2836165934036108
4.611888500832593,3.2590666751380497,0.9638277230717783;4.227707189865586,5.017442735309863,1.3335052611206264
4.62590870151687,3.2675300986462417,0.9621926814885178;4.241243924715467,5.039880392118436,1.2862168820693598
4.640215669823648,3.2764675667357346,0.9602731883782085;4.267674292409589,5.073116009689303,1.2964854452086148
4.653984836817077,3.285335110130035,0.9583576614154059;4.31619294204469,5.131658143897461,1.305025409299717
4.667635290832437,3.2943905131870115,0.9563986874627917;4.334402179170182,5.148988188374539,1.312079060627409
4.68157230941524,3.3039148840735537,0.9543347912150631;4.342167415587282,5.146315644123659,1.2987377247584522
4.694973300644256,3.313328658101814,0.9522933986791415;4.345371478042921,5.137630108115047,1.28877410498996
4.7082637035159705,3.322854841947697,0.9501806295927046;4.361284576225634,5.168180807967348,1.2478292285279569
4.72177055581043,3.3329385595137824,0.947741778525643;4.36858983414547,5.169332340373399,1.3102258462652534
4.734730167001179,3.3429281461139815,0.94530717182616;4.387246691636432,5.207548484972582,1.3050330937287349
4.747540233752083,3.3531142521106005,0.9428191886753631;4.404417046367895,5.200935307474417,1.332174348880402
4.760578802253363,3.3638120608660858,0.9402009793881069;4.42302025739846,5.227455537681877,1.2732065996067508
4.773067367768582,3.3743816820244565,0.9376312305468646;4.446508865115995,5.243491193983912,1.3027094409163078
4.785393692334438,3.38513419996009,0.9349845537214969;4.467931493964107,5.256892975320227,1.2892870359566662
4.797901304557836,3.3964051339040138,0.9318963961339964;4.487295308183385,5.3335340306424275,1.277688741133692
4.809856513692902,3.407553160614243,0.9288188605693387;4.494590193209999,5.308400408079988,1.2605747758637504
4.82162560182068,3.4189028085230984,0.9256764908674391;4.527347499820374,5.363537876422188,1.286248321189661
4.833552390816829,3.4308032154711188,0.9223727987647642;4.513161799845437,5.332346912687937,1.2722309870711992
4.84492259605554,3.442539662184157,0.9191425283493314;4.547516108607889,5.391765142124812,1.2408637075038766
4.856103531684999,3.4544710771078044,0.9158215939625147;4.527081988396112,5.37012894201235,1.2707022362398153
4.867283149158131,3.4667712275553355,0.9133854559532218;4.577013640742476,5.454945094528683,1.2767311974936106
4.877982145321511,3.478753927631587,0.9120456472963677;4.553557008365583,5.430040106511022,1.2538988335304944
4.888835842332206,3.491030807168813,0.9114220943934203;4.531465372500283,5.404753675314835,1.2053825558394513
4.900056231090252,3.5037798150900485,0.9110082156241592;4.543890127148181,5.429842630541638,1.2400812648191255
4.910913632924516,3.516164842707927,0.9106537806692533;4.56759169200084,5.468290806452636,1.2328697905063692
4.921758255035599,3.5285778149485116,0.9102664066133473;4.605136978172034,5.533940123343159,1.2641844625104703
4.93289833554706,3.5413822956556165,0.9097915227464834;4.621326721814057,5.533502644885323,1.2568942346185217
4.943681074120932,3.553834288403081,0.9093235493736584;4.631838157895634,5.4869318808237555,1.2556607119666834
4.954441658401794,3.566315654470965,0.9088676804055326;4.658292732277475,5.549776681465378,1.2308774712588162
4.96550125492164,3.579201532297662,0.9083995512493636;4.688912553479779,5.601414949949661,1.2633871885419021
4.976201383053317,3.5917237289676476,0.9079845086265749;4.720113684498268,5.6283924183648475,1.2643126334682282
4.986881537324324,3.6042715336947047,0.9075562718626714;4.734082276703491,5.588541699332898,1.2564821361227556
4.99785604986902,3.617224485230079,0.9070398000505319;4.757697942925407,5.646080532703183,1.2388328262844785
5.008468673669646,3.629814646907403,0.9065068916809784;4.7563880149252045,5.6339642405320856,1.2007833437338429
5.0190570357609054,3.642438432363953,0.9059923114078271;4.790794170877559,5.685641527357687,1.287679392972858
5.029935948391545,3.655473759284612,0.9054633074779526;4.787514392142376,5.675629317032517,1.24067845848562
5.040459731072121,3.668146521277722,0.9049771398864463;4.795414508177118,5.693509925249368,1.242855647168858
5.050954874034619,3.6808409394556176,0.904503131710072;4.768320829578458,5.677745160807281,1.2361259862860214
5.061739491948225,3.6939515905857734,0.9039248949613716;4.806773280395857,5.737431734026222,1.2301648759086088
5.072161684780578,3.706693756425517,0.9033212309372449;4.8112294980020485,5.7512125923431245,1.2529600755930819
5.082557523382956,3.7194747528541927,0.9027442490457779;4.814163651027828,5.765364579084867,1.2569240678359155
5.093233072924251,3.7326732876727493,0.9021461600378536;4.832339890810316,5.808994510781461,1.2097488920583412
5.103557666745291,3.7455096237772083,0.9015822520821153;4.827552402293968,5.766789050035729,1.249685533562754
5.113845495898708,3.758364954140056,0.9010507209239726;4.846169004508132,5.837438013405812,1.2448176723115723
5.124415017001915,3.7716470340466866,0.9003993621815741;4.8687813029725,5.871616484495949,1.225736873364509
5.1346278097675535,3.7845605401193905,0.8997328336559959;4.873263209409736,5.84530337972321,1.2463456692607637
5.144803714155215,3.7975089698160573,0.8990723051810992;4.894379768176964,5.893335034624603,1.2289619114485377
5.155250384710972,3.8108852392317645,0.8983956462592314;4.901484407041811,5.8632565115419455,1.245428810111508
5.165349720158939,3.8238982009418,0.8977484588760746;4.914579176528996,5.896118943343431,1.2405054013319765
5.175404899395052,3.8369294452757052,0.8971472785055341;4.934650980366591,5.914431532240794,1.2272405772919577
5.185731914652664,3.8503974486731645,0.8964095283367728;4.976553763443699,5.979642731509139,1.2671479522045639
5.195709645435812,3.863499612879315,0.8956774749046257;4.981167303147512,5.990497592157022,1.2582035103732747
5.205637040983379,3.8766278774689344,0.8949153554021471;4.9708086465926975,5.975731506532188,1.2374322767238184
5.215825613256754,3.890196829881067,0.8941480949170881;4.985348116497882,6.004033850518051,1.2256472514334567
5.225670386571997,3.9034004872819295,0.8934094498177167;4.978850850900501,6.002293565455301,1.2385093537688978
5.235464180684669,3.916623390730373,0.892724727786906;4.9906020147860595,6.017581017400938,1.2340356477213297
5.245517464510047,3.930292397072085,0.891886691754901;5.022331169279925,6.071863395694309,1.2585999052544625
5.255226339406141,3.9435947067455963,0.8910648912043447;5.005253365385754,6.03534191667676,1.2273914790052092
5.2648765876498755,3.9569212202089235,0.8901983885490927;5.026801147421822,6.0887025261083165,1.2170998885931505
5.274775162293996,3.9706998984823554,0.8893313559992595;5.028401623575655,6.0633077964991084,1.2239792271528152
5.284332378342376,3.984109203733795,0.8884898516448178;5.0391475773445515,6.1020003797751885,1.2321722503267203
5.293832157917408,3.997539650032867,0.8877062783032247;5.048839917913397,6.164396721676523,1.218299938119393
5.303576094314292,4.011424416807869,0.8867547537620406;5.052850889661884,6.133449876592318,1.2418799534169824
5.312979802635245,4.02494105934022,0.8858238045816436;5.078001658691929,6.184148751709535,1.2407373344548485
5.322321936820909,4.0384866179008325,0.8848554070565998;5.087375473021732,6.21401883783784,1.223291246113218
5.33189108384515,4.0524878618186895,0.8838638640746965;5.092691351625702,6.216991749368256,1.2363187534696833
5.341123724456013,4.066118037889056,0.8829052066608977;5.102285564655865,6.207087086965963,1.2191745969337706
5.350292717434511,4.079772292774682,0.8820037099680392;5.093114359061949,6.197295513248719,1.2039819222327772
5.359687186026795,4.093887780607884,0.8809242274288638;5.115288697795358,6.239638062508238,1.2113461722142378
5.3687458767784095,4.107633417477564,0.8798649951320177;5.126075772876736,6.2694699488689425,1.2411204623534489
5.377741125700283,4.121417032284938,0.8787884419734069;5.116195220786052,6.275988562403756,1.2122059364754827
5.386937415740832,4.135654000302381,0.8776455682641375;5.063617905125768,6.2303776506830255,1.179567942479021
5.395803269234049,4.149519962135982,0.8765518397977128;5.1201584810459195,6.31296701461302,1.2475050904234775
5.4045990318112285,4.16341370197657,0.8755125876980081;5.1167211341078165,6.332104192360394,1.2165840736181215
5.413598379075987,4.1777741346914805,0.8742898172357396;5.12444868034819,6.362316170080984,1.2141672457089372
5.422267097035498,4.191763205493682,0.8730808179187779;5.133782540013067,6.397744903325807,1.1742571590602584
5.43086644063779,4.205795453925772,0.8718619099180305;5.127688308907273,6.354413245444604,1.2077143590089188
5.439644430835753,4.2202867003299716,0.8705574657410495;5.149261491143994,6.355194245692906,1.2305391029300368
5.448096954479191,4.2344046522422385,0.8693132418906121;5.1666458022179675,6.440133688763463,1.209695657966369
5.456471087421042,4.2485523726964045,0.8681146039534731;5.183456600537779,6.3895803601850005,1.2343637694982492
5.465024275198346,4.263172140964124,0.8667257254262879;5.202682784644459,6.474838553717455,1.2339833828868718
5.47325208457127,4.277418253095024,0.8653423691899378;5.205704131695253,6.432380300207699,1.1898548181542146
5.481402095420784,4.291711458415394,0.8639520300518291;5.212305357278589,6.451914626117438,1.2063390448304256
5.48971166002657,4.306477941913477,0.862483683390885;5.222591704357396,6.478612175718664,1.2073913137264791
5.497693578687381,4.320856062549968,0.8610489785921374;5.219335079319191,6.486436811052714,1.214195608357195
5.505591011865814,4.335271035734241,0.8596654773844071;5.225268596951308,6.511862446749165,1.2085534020086675
5.513640000322123,4.350162916381471,0.8580835077959652;5.246287788737209,6.560164212042835,1.2081391705483062
5.521369173436838,4.364678276637869,0.8564980299260027;5.217191946914558,6.545217472565663,1.2590823205419415
5.529010312592545,4.379243579432474,0.8549061342544602;5.2118767623318645,6.560767367621091,1.2104977758530193
5.536788672721326,4.3942983339451605,0.8532482971548141;5.2372746573585225,6.614929980785625,1.1910891282019236
5.544239944282608,4.408948800854282,0.8515976345640472;5.2089976181886986,6.586694908105627,1.2020567462838285
5.551597225554829,4.42363977892541,0.850006185358754;5.223399548643008,6.627271755436186,1.175818342788883
5.559076786850042,4.4388136795140465,0.8481996999644059;5.214293187545311,6.602657106944226,1.1992213159461105
5.5662423606701745,4.453607491163772,0.8463796097039666;5.225720278287016,6.646195786455656,1.1917223703048403
5.573307855165378,4.468452913846732,0.8445516200193866;5.238387579263547,6.69907044114375,1.1767135272117302
5.580481807070678,4.483799968282528,0.8426554659125581;5.240899315840296,6.670347096350332,1.1993564675953265
5.58733560992386,4.498734137739107,0.8407685668000597;5.251999952807086,6.729843245460295,1.1525254921678776
5.594083461188214,4.513711488679186,0.8389282774473847;5.25518853425217,6.708679713123251,1.186519642958954
5.600919567620626,4.529175981610986,0.8368502522673062;5.254414030236722,6.697022425921019,1.1844284138418304
5.6074467232619005,4.544253883659634,0.8347571149122295;5.264298220844287,6.717279151222785,1.1885943483581107
5.61386005024899,4.559383981472754,0.8326536900115813;5.27177544792948,6.730648987894774,1.2040037262804348
5.620348275788145,4.575026047408824,0.8304748513230771;5.2705808613667475,6.738752675977387,1.1512776322650404
5.626527255481331,4.590254476793256,0.828337339027454;5.293477797313419,6.773495101716447,1.1618662826086887
5.632580377681584,4.605509027010197,0.8262145794111242;5.288751887394318,6.78215765177232,1.1886033473957816
5.638689035332751,4.621262847737405,0.8238239192183456;5.295459406638632,6.798551898571134,1.179144296593696
5.644494870693237,4.636623801754315,0.8214126784425007;5.307535406837249,6.821854782620315,1.2017434558962328
5.650171380408911,4.652036318861015,0.8189882735603667;5.299619180185429,6.825499987354625,1.1886436406629004
5.655884348092826,4.667968908524788,0.8164769258305201;5.28653004537227,6.809777484884915,1.1658795931679626
5.661296523721134,4.6834809191346904,0.8140230959636912;5.284825940224404,6.81548757040138,1.2193652345614912
5.6665766941487865,4.699016287557768,0.8115693194605549;5.290969280748925,6.846190854457389,1.1912827903905125
5.671863826237344,4.715056523334407,0.808804092494831;5.311615928732803,6.9140679906344715,1.1817780615941276
5.676853047778507,4.73069193137502,0.8060212215301118;5.3067933960928375,6.863656176191267,1.1619223261143752
5.68169555281024,4.746376606021202,0.8032220530591041;5.3138633811145874,6.861467872992085,1.1601079475878402
5.686530991490438,4.762586893665978,0.8003211120082261;5.331562701612948,6.944159006664853,1.1614593367882893
5.691074280643192,4.778366919044058,0.7974906283014446;5.335119450271474,6.922050351020426,1.1692208823297403
5.695467345434581,4.794173955728587,0.7946987939993495;5.335070830561693,6.91958203928676,1.2048868962940251
5.699830014387616,4.81048566465973,0.7915168896392278;5.351326962484624,6.981692962889932,1.1408376153207527
5.703899238206982,4.826374740847256,0.7883001079255676;5.351342116300224,6.992363085375763,1.1591950960275998
5.707802347519018,4.84230848822603,0.7850632184079739;5.322564918206582,6.9815731692405425,1.1498534935460918
5.7116496174646585,4.85877026482719,0.7817070466578846;5.33568887692408,7.017337936302075,1.1521112479456899
5.715214176605354,4.874789302780574,0.7784325149617269;5.278117534134968,6.97277366576524,1.1266752401521487
5.718608685362225,4.89082940661173,0.7752098657806948;5.298372001801404,7.016569849694911,1.169413543352413
5.72192563709642,4.9073800927185385,0.7715167817792715;5.2805381623570575,7.019155722203405,1.167795852657283
5.7249570515553785,4.923488556848546,0.7677947307448731;5.300281639698601,7.070805270526126,1.172057259930949
5.727800928888057,4.939633398400045,0.764045774310881;5.322172933898644,7.134808883692405,1.1288848667447482
5.730534490479021,4.956304337256826,0.7601571057316994;5.3133188574001124,7.125678088119646,1.1219436608602626
5.732996405452335,4.972517542551698,0.7563619627278588;5.308430844671365,7.113945440519833,1.0806016832001728
5.735268425405481,4.988741643589882,0.7526326499998639;5.315762667252364,7.095806865287952,1.1190601735241985
5.737406954185978,5.005479502084661,0.7483211035594043;5.331493505348609,7.139679626240433,1.1255192892307002
5.739269669699381,5.021751103052981,0.7440012276972537;5.342479455779678,7.127064641211805,1.1273694835667611
5.740921691998805,5.038048713458259,0.7396538736559797;5.34588837514849,7.114790250297992,1.1086451174091052
5.742402918555341,5.054864149379884,0.7351419371844691;5.3503524496998365,7.138315757677868,1.1148954257940011
5.743625871109416,5.071204331881144,0.7307386188517856;5.355408652077806,7.15475536760836,1.0699629412679161
5.744637868501275,5.08754126752416,0.7264053303166706;5.3295168919494404,7.135120922315842,1.093359326313804
5.745452900339814,5.10438733999716,0.7213652994711983;5.331188503477378,7.162485995756039,1.1095922472429665
5.746006679176423,5.120750238672648,0.7163810018167923;5.309420233379406,7.157460739532522,1.122102938250683
5.746324151295377,5.137112098651124,0.7113226262380433;5.346756811317226,7.218215538198862,1.0968016662211322
5.746404708313806,5.153977994859351,0.7060813155122949;5.297018162417808,7.193699687019389,1.1116985120669964
5.746243422986576,5.170348003434215,0.7009697898972772;5.300971161913261,7.229591257806724,1.0725229856990315
5.745849218942398,5.186698039539265,0.6959177578948293;5.255540288018161,7.206228730904729,1.0570530974815584
5.745187861539284,5.203537865954859,0.690041582722456;5.247282919669428,7.214272196670692,1.0888997118163777
5.744282019570513,5.219873226018248,0.6842592519825763;5.2869581065868445,7.28733550210164,1.0611705110380838
5.7431166760492065,5.236165851164916,0.678314288761804;5.293050706877924,7.302583367572976,1.0527618972801651
5.741637350095713,5.2529448365804985,0.672192567224671;5.277002041972921,7.273312075711625,1.0342059911044368
5.739936054224175,5.269213384468179,0.6662359341195246;5.295871893042428,7.325113158613861,0.9961386432808834
5.737975247786944,5.285447156879839,0.6602804248831293;5.299954198610959,7.3316947844776585,1.0397231279357646
5.735673483200268,5.30212355394149,0.6534362947925938;5.293451039779595,7.318275383240981,1.0228868011065533
5.733148181880272,5.318271382580978,0.6467095099947512;5.2847292121952885,7.291635967867464,1.0627133663008703
5.730337613106453,5.334372240492555,0.6399203604492484;5.27249513087563,7.3113690365924615,1.0431387004669745
5.727157863962124,5.350880495386787,0.6327391320099115;5.262629380983698,7.314574248633357,1.0167331834617694
5.723800787156285,5.3668688209937425,0.6258287186377425;5.263318864509243,7.31990865522363,1.0123083332577227
5.720125482304268,5.382784714650675,0.6188954997736116;5.275359326403607,7.348831750342906,0.9837880797450353
5.716077000486353,5.39916031770342,0.6149629525193697;5.248140889640806,7.3362854016631225,0.9986125350433182
5.712046825005376,5.4151419669465595,0.614214707649456;5.238819335094201,7.345592037362078,0.9757620113909822
5.707985115500764,5.431120562568894,0.6134564660531102;5.224749073463281,7.353483700395192,0.980367415724429
5.703771126311708,5.447563870595438,0.6126153960407454;5.202876572169042,7.356098135853734,1.006165666188566
5.699647446459715,5.463507108328921,0.6118205868561357;5.2012336611356185,7.376082395074122,0.9932587425111294
5.695491484831806,5.479451282409565,0.6110616795476611;5.185812453859563,7.375109508193797,0.9978349112402879
5.691174974409988,5.495871992093399,0.6101851475912766;5.178517878710646,7.390998275663671,1.0104417646310127
5.686949992106644,5.511803361847444,0.6093367884475376;5.178662934579108,7.414052872936519,1.0126577176441405
5.682690335835432,5.52772824061104,0.608489273792909;5.17698387415506,7.417273003600676,0.9976117787203015
5.6782669624488875,5.544121965708171,0.6075876900633929;5.179306769246818,7.443830910834396,0.9953324940849919
5.673941068712381,5.56000316581891,0.6066630801582065;5.164265633713487,7.423850436863046,0.9892928658078693
5.669578033149596,5.575886908278618,0.6058263071175759;5.165255169782221,7.431507830674086,0.9785558284374306
5.66504405606516,5.592245842449898,0.6048457828251373;5.170467398890633,7.461952870291933,0.9555620849420235
5.6606041840586165,5.608115659549626,0.6038960068651071;5.1446959834944685,7.428660362547335,1.0506466847402498
5.656125758702576,5.62397778144941,0.6029484646403319;5.13608731405207,7.447981404435352,0.987735643222102
5.651472458787678,5.640308823371117,0.6019587663412231;5.1243981293927705,7.455851654577872,1.0088463289548266
5.646921897613429,5.656124508066783,0.6009105194164376;5.093002433922547,7.4466887957982655,1.0345683018119105
5.642329392829039,5.671940395614378,0.599986700786827;5.0829845201582575,7.469931485541207,0.9592187885650665
5.637555212170278,5.688227340197433,0.5988904859030741;5.08027397383079,7.491959900948328,1.0275368243385
5.632877970931329,5.704025562769889,0.5978270535470038;5.051197010593122,7.505050343637592,0.9691555361177163
5.628158018226793,5.7198142718086284,0.5967659262610667;5.035510490477117,7.516077598268639,1.0016247609566404
5.6232510275546055,5.736069713691692,0.5956670207760809;5.031735713597455,7.552526396693635,0.9519810432554902
5.618450240718776,5.75181653670223,0.5945204849136517;4.981258177465544,7.515690398110769,0.9955814626177792
5.613605325838137,5.767548455782683,0.5934566764924865;4.984491518182541,7.548369508536021,0.9972071639827274
5.608565255895305,5.783751677293435,0.5922298349996094;4.998558185898832,7.588895305394087,1.0447518759101906
5.603625416226524,5.799466220156512,0.5910388941609237;4.969113535571311,7.529064042386417,1.0260118784094412
5.598638337786767,5.815168994265179,0.5898499542322168;4.982657202399605,7.594728132685466,1.0652619658931064
5.593451076051599,5.831334712588807,0.5886237047492174;4.962154548913016,7.543021878630707,1.0019741484836797
5.588371798006081,5.8470026054474555,0.5873970228672079;4.967755443857146,7.582811527999569,0.9849188015453012
5.58324913329502,5.862636001277982,0.5861586255159691;4.960944947593746,7.57859201970156,1.0340776870814103
5.577915196773021,5.8787416793530065,0.5847815995624012;4.9355514400669485,7.560336065317796,0.989120491228314
5.572685310431988,5.8943582213625385,0.5834474958677366;4.904365163526572,7.542619040846059,1.027631776660728
5.5674032499542525,5.9099602957227715,0.5821149761823985;4.919531878964906,7.605871178715796,0.9903460941062745
5.561906697473727,5.92602004929069,0.5807429860500112;4.886633500641523,7.599261830798066,0.9987435657926917
5.556520821553815,5.941587719554325,0.579398236617665;4.8561468828731265,7.599131757269739,1.0339014121426768
5.551094830533827,5.95711191175661,0.5779946101225487;4.8357828111099135,7.6171958262612085,1.021537855257358
5.545437280666191,5.973102688627195,0.5764620581924847;4.798865617756591,7.622776748673652,0.9763905551724193
5.539887925277579,5.988604324914785,0.5749670735467786;4.771260691028149,7.626493199340628,0.996919805058215
5.534281013897505,6.004088297028633,0.5734730880034349;4.755728715112636,7.645992209330566,0.9601783617812094
5.5284440669237584,6.020023156767981,0.5719349712893813;4.745257995614105,7.665363609773117,0.985712300703353
5.522721553141765,6.035468835560605,0.5704378627923734;4.738666059376998,7.684424400260243,1.0229894207985593
5.516957152138965,6.050873255573398,0.5688909059147228;4.724837301629916,7.688461675568815,1.017651840105009
5.510945005229163,6.066726687455094,0.5671818929859818;4.71720561668931,7.67659803245911,0.9967733779335048
5.5050448715335,6.082093632850064,0.5655060646783197;4.707526164513079,7.696534749129761,0.9890493993932252
5.499081363276753,6.097439043053354,0.5638304688355971;4.696407403274016,7.6969728656649945,0.9832312748674068
5.492870896794279,6.1132271203008965,0.5621047388995777;4.684405359522849,7.689834736626541,0.9901488845420755
5.486779424682419,6.1285278772618925,0.560429629278942;4.686051393828721,7.724371812991797,0.995363507208116
5.480634533129514,6.143793346611678,0.5587560822240363;4.6683230261204285,7.718653990977926,0.9895836494273225
5.474236948399638,6.159480377544681,0.5568027688872947;4.635550845847745,7.689760532735481,0.9972787030173348
5.467951584769243,6.174688422668864,0.5549226480707776;4.6285070627765705,7.700682691967464,1.0081494286659443
5.461596441675031,6.189870592204422,0.5530425306183793;4.651355408727205,7.752736439051236,0.9614204468955456
5.454975882050862,6.205485658055627,0.5511054311001855;4.5893316352281515,7.733105842060317,0.9959894643952636
5.448479682383289,6.220614562318546,0.5492265794104113;4.546970191859812,7.728151753914729,0.9824947412602402
5.441918548162494,6.235707977363871,0.5473677085664818;4.563729273382727,7.7661432379786595,0.9581935471037315
5.435092544272678,6.251209539933021,0.5452192277007527;4.520514199263489,7.7543405107133045,0.9756646170491655
5.428385537412535,6.266231995072457,0.5431135851151299;4.531293370097386,7.790112877898797,0.9963576806493412
5.421602459227231,6.281222068096246,0.5410029814744571;4.510346347035448,7.7811975277580165,0.9758200050075504
5.414533924311998,6.296633461310924,0.5388276061945401;4.502017251051733,7.80331771802498,0.9415567048876817
5.407595969319417,6.311559292991333,0.5367167329864285;4.489829395738742,7.80051860285919,0.9906270253578886
5.40058519458653,6.326446941452916,0.5346287570923707;4.478589638924564,7.802260307045755,0.996389389374115
5.3932970366984,6.341714393628852,0.5321613897971377;4.4542925092033325,7.764283536422158,1.0072769171895246
5.3861282863055,6.3565067588306565,0.5297586235238331;4.4505105626877794,7.7786296852871555,0.9915424618518981
5.378872757238365,6.3712675829501215,0.5273880081708607;4.445627098699887,7.775824727810936,0.975136805572559
5.371309957914461,6.386435818877657,0.5249435080940236;4.4324738949614435,7.789310483144833,0.9721217324399472
5.363884967585898,6.401118957423267,0.5225700708734711;4.416261039772316,7.801052984016763,0.9940814475686983
5.356379371077671,6.415758965300474,0.5202193746867619;4.404260742962319,7.823989926627229,0.9665498594373129
5.348568324657714,6.43077983640688,0.5175641940182708;4.377431382053152,7.835479279307397,1.0020648544526238
5.34089684465448,6.445305194703068,0.5148441370584631;4.340435443423069,7.844257747902582,0.9488516767363814
5.333128141010183,6.459795258853721,0.5121794873081253;4.319364137382044,7.8655910321623494,0.9942920437780621
5.3250286665475,6.474676337531893,0.5094312588650173;4.274788035638397,7.869901815193885,1.0096101435973133
5.317075129330741,6.48907271917793,0.506761697594398;4.2088075175194515,7.849069666435246,0.9898988388705248
5.309033165683304,6.503418749936424,0.5041130865792262;4.188564045745598,7.85958654864734,0.9410504099851952
5.300662280360387,6.518129262846163,0.5011544398162936;4.190579936775458,7.887562442414267,0.9573852870966779
5.2924429152856485,6.532341854316414,0.49809418450150905;4.168093797953205,7.876776645604485,0.967071306564679
5.2841159653146486,6.546510136870299,0.4950960087415534;4.162040346772855,7.89841684003664,0.9559364554406787
5.275433078983582,6.561050105397647,0.4920044471796725;4.150984339414913,7.897533452278646,0.966541769035492
5.266905367754229,6.575105754670371,0.4890002627078637;4.130750310093932,7.86825185595454,0.9176748678291773
5.258281486164584,6.5891017222874675,0.48601465604491;4.150301237223987,7.9011489272036295,0.967236503028522
5.249304450163647,6.603440335829983,0.48269237994135883;4.129971822968497,7.880158942990677,0.9644287645077559
5.240481673259981,6.617295719034016,0.47933240893882906;4.12876791979019,7.9008237365318585,0.9830955692243484
5.231556707863074,6.6310727685902515,0.4759034345026511;4.122216978200003,7.923808909733459,0.9610338157342758
5.222242938783821,6.645207229835869,0.47242292957552984;4.087145252137266,7.914715780382176,0.9527450056798521
5.213094773967295,6.658857875664423,0.46904048049959574;4.070601026161085,7.927868027029471,0.9279913712833033
5.2038428157025916,6.672437374926695,0.46567574607962225;4.001193357581682,7.908378925342393,0.9157116158806777
5.194212448683367,6.686333369190769,0.461934614471383;3.9712566123164597,7.927608647971277,0.8931711477552549
5.184742615636316,6.6997530531586476,0.4581857189864878;3.94726429961486,7.953134172184455,0.9298045803134374
5.175169999477391,6.713074820662493,0.45431722001428254;3.877307020079399,7.939037112524147,0.9183124684136383
5.165177161203982,6.726727659858822,0.4504006573255103;3.8767037024558846,7.965634816302081,0.9363302696899302
5.155362431811625,6.739896567716579,0.44659041002948996;3.83080681279159,7.95871085630247,0.9196528554724783
5.145436693228023,6.752980393789765,0.4427994415283158;3.8142732984206393,7.968312716187711,0.9319319125043118
5.135106195360322,6.7663502092315,0.43857667574035897;3.8003057467760026,7.977318105318811,0.9064187441292856
5.124946044046772,6.779245891272986,0.4343589175165493;3.7875915382300747,7.980367676373153,0.8917175288011446
5.114669163463782,6.792040735378102,0.43008800184913454;3.7754339816521183,7.976147970040801,0.9765459809655634
5.103958745711021,6.805111833115592,0.4256190834124452;3.7557430846833313,7.979547712653493,0.8860494023239963
5.09343347673483,6.8177076675117965,0.4213245182367714;3.7401686873519493,7.977086119663342,0.8991733501230068
5.082790807456598,6.83020168442354,0.4170548891186355;3.7140143295682972,7.966006138434768,0.8526984493916057
5.071716373971038,6.842946141922575,0.41228702577459875;3.6839528951689515,7.943853051720599,0.882447942274206
5.060824628341588,6.855217219404125,0.40753125151304737;3.7023707777600903,8.000426238269135,0.8699078772878994
5.049805020865449,6.867374748841198,0.40275563538679865;3.6553297441689208,7.973055098011689,0.8316756849742567
5.038331197622781,6.879764203092844,0.3977126996365035;3.6530087049319304,7.990548207617697,0.8986710886086641
5.027055173476027,6.891679479802401,0.3928755033542765;3.6488052439936114,8.01129156543892,0.8716623985222168
5.015657861511257,6.9034720208166656,0.3880708556975799;3.578949098048758,7.990115419236007,0.8870008088019546
5.003801466392398,6.915474007430301,0.3826882661164905;3.524111532885116,7.977628615579824,0.8820893640176612
4.992142850463686,6.9270025785173885,0.3773211792966705;3.5178816433295537,7.99582743922497,0.8151577028003131
4.980349184081585,6.938397233514469,0.37194204286239546;3.4704087451454213,7.983762269783178,0.8340175678005037
4.968063200238565,6.949990852699548,0.36635558861208706;3.479081297452168,8.00991292059776,0.828741205185112
4.95601381088151,6.961090762146809,0.36084437690840665;3.4644854693410525,8.015075329145064,0.8404690208239279
4.943834135193539,6.9720502426704485,0.3554462079196447;3.4415526827242466,8.009419232078415,0.8504902307919449
4.931166960270464,6.983172994791304,0.3493634476738014;3.4177020749075147,8.006872818310908,0.8144812137573039
4.918716128606309,6.993821508060502,0.34330705802679606;3.3917734374914112,7.9742536461406495,0.8112429122526992
4.906126270552549,7.004310659681239,0.33723914822290996;3.39311110128013,7.9949505148735245,0.7962305710167916
4.893012912036507,7.0149481472774315,0.3309677505110297;3.390802024952987,8.014896523063394,0.8313277938725434
4.8801611141239425,7.0250961029337695,0.3247868106874022;3.3785470144766285,8.003486761132939,0.8315626642005325
4.867187047468693,7.035068197146946,0.31872719178615067;3.345338234739735,7.981605892124451,0.7873276878535983
4.8536920633137255,7.045153929682065,0.31182851131521505;3.3061867910017684,7.95869358066524,0.8238110215105134
4.840438983511255,7.054761816046128,0.3049969956351399;3.3018713138992744,7.982333310799361,0.8032519980555194
4.82704662348816,7.064180351421659,0.2981519669359521;3.278412472803333,7.985639214608902,0.7957717568008811
4.813105442983717,7.073684323626659,0.29108513241418954;3.2354404030957937,7.9912895509014925,0.7963318881312647
4.7994421352074115,7.082710815791302,0.2842045752085521;3.190524191307145,7.997823008607229,0.8066804022088813
4.785712499721942,7.091578641803094,0.2773325935214443;3.1623295416376065,8.018734280876942,0.7498242372110029
4.771399667600337,7.100452472444871,0.26950544749406297;3.113611053561167,8.01774208724922,0.7542304330954386
4.757356211741606,7.108832832132663,0.26180472444654446;3.144480649419301,8.055250161909257,0.7792015080678669
4.743177893692514,7.116989493891981,0.25408903528314786;3.098950569447341,8.04374446441444,0.7607291759307382
4.728432316472207,7.125157291332698,0.2461240516869552;3.0497820297518157,7.999177988132946,0.7640675969072837
4.713993105660232,7.132852439418328,0.23839132306826447;3.0542020273510007,8.024731751907442,0.7137388900219241
4.699455108289767,7.140314450667598,0.23072654162421158;3.0403439441936944,8.004785667809669,0.7814834890192189
4.684349313251993,7.1477461309537675,0.22193313332772907;2.982268736777143,7.894816468043937,0.7137918545629387
4.669561285953813,7.154689842405395,0.21326391988457066;3.0420930523998604,7.9830211259161645,0.7141530622582716
4.654649607592342,7.161370979491909,0.20457743139661355;3.008175827321286,7.911846123311083,0.7229395566889119
4.639161123964101,7.1679778992239065,0.1956120068172033;2.9866673003531177,7.870025948507095,0.705710473815832
4.624017725542621,7.174117699461071,0.18693793019737573;2.970399503491495,7.846032019861352,0.6945543576788549
4.608777442572333,7.179987426216718,0.17832795614828675;2.9832913410756965,7.858610189732991,0.669808145308288
4.593125971981014,7.185727309417301,0.17182022335223918;2.965562070739457,7.85709492952508,0.6365263206114731
4.578010217449149,7.1911044019218116,0.16843787042940422;2.909947319115887,7.841631145373269,0.6586876381360389
4.562570864330954,7.196505254668628,0.16678221027643358;2.917380596853148,7.8555525375138275,0.6965865395751132
4.5465269974534825,7.202075401329861,0.1657876755439668;2.902939564770656,7.8676107487222415,0.6538028736278337
4.530945913991939,7.207449466491184,0.1648587038392442;2.9053267298751217,7.879180019247317,0.6987718022703862
4.515370145455751,7.212792803363979,0.16405052681332982;2.824546330699636,7.8568587326276536,0.6629798142982921
4.499298121388513,7.218271179867762,0.16296932088315996;2.7734671815190937,7.838272750915156,0.6772268006631377
4.483694275426631,7.223551533526271,0.16186954975277287;2.7577707259628927,7.830710958733392,0.7113661162041194
4.468073885646915,7.228799450427156,0.16079010398220098;2.768877356885812,7.841014940382737,0.6748871559099633
4.451965274540837,7.2341717393176515,0.15968186797360548;2.7717680447833235,7.835950374332708,0.7131288882376412
4.436319022077227,7.2393514288228005,0.15862880428334028;2.750110305230917,7.799460687356271,0.6907581036383278
4.420680293591768,7.244494188370527,0.15772562331121992;2.77054870621587,7.815386457204015,0.7046671338174597
4.4045397215107815,7.249764359977397,0.1565282524499357;2.7576248987594916,7.787782433723207,0.6591336937187786
4.38886983960226,7.254838109840671,0.1553093880985424;2.769739586849834,7.790856110077028,0.7155734933395828
4.373182217282905,7.259875785842713,0.1541139574283407;2.762761676999646,7.778208505809237,0.6823724328692143
4.357004556814756,7.26502694268733,0.15288043508556068;2.7478395475803667,7.761560076293023,0.6573507992392187
4.341289511497463,7.269988395147069,0.15169802238093397;2.7274331818804307,7.747454863053745,0.6586012611845382
4.325581653108417,7.2749079397541845,0.1506713923519696;2.7448667545983696,7.762030744336113,0.588139286975953
4.309367421411307,7.279947297474094,0.1494781425332729;2.716182999374155,7.754423686755881,0.6268303624886828
4.293623726923986,7.284796550665633,0.1481556365165772;2.6752723935434597,7.744443488223972,0.6950562218427239
4.277867247679457,7.289603474196834,0.14682434510081321;2.6875456689450172,7.7551969267851755,0.6913699968424194
4.261617743557886,7.294512396859415,0.14545182870548776;2.6769808179920918,7.757092034797568,0.6738136641517911
4.245831617116002,7.299234376325956,0.1441298042138296;2.6345441250611987,7.7443758481835685,0.6230985076889731
4.230049921057307,7.303910222766689,0.14294997344506874;2.649839271941787,7.754744098477769,0.6524149254218502
4.213767224077855,7.30868946222223,0.14150346520571525;2.6622969323205985,7.766025749849699,0.6331366128448901
4.197947566569069,7.313281706990954,0.14004346685881017;2.5753379303471498,7.693053740983079,0.6463018393757461
4.182120000362046,7.317824861286449,0.1385421160126245;2.5598884276969254,7.6733161881997525,0.6312617722288117
4.165793279168882,7.322457752942204,0.13701494252749769;2.576430491308366,7.681137707493141,0.699686958845348
4.149931147338894,7.326906864937728,0.13553993062112613;2.5681844402826455,7.663457031122552,0.6168232036488732
4.134069411859278,7.331305606207992,0.1341829514758959;2.574144057196699,7.657861989893396,0.6417330540966703
4.117712036603433,7.335791770214274,0.13260103047369692;2.551019556528514,7.622255023830468,0.632511290960978
4.101812712429397,7.340096456599126,0.13098806868898438;2.5890001086939125,7.6493105819464695,0.6867569784834134
4.085907253102434,7.344346147509246,0.1293204992632987;2.5309452101489045,7.59814536833586,0.6473683991309389
4.06949976374515,7.348670834946069,0.1276226162265571;2.506150526115177,7.585399442283248,0.6561301196056446
4.0535587631828465,7.352815123247861,0.1259786656367364;2.534542878192727,7.606036007535324,0.681231086571202
4.037613867979769,7.356904394173398,0.12442524898285821;2.565020548637699,7.6862370035778875,0.6923212683774903
4.021180133130971,7.361063204450346,0.12269176456899268;2.445295311065306,7.656371634601085,0.6542645753863151
4.0051997367613446,7.365046128203725,0.12090089236101725;2.352259805236942,7.642313768078815,0.6065023927229561
3.989212810471869,7.36896847996135,0.11905502579190438;2.3312945684411126,7.642656550795891,0.7006711980456698
3.972721895772424,7.372948964675124,0.1171698568719088;2.3005070108760495,7.647360004018224,0.5865244458538397
3.956700160085091,7.376752818008567,0.11533873191941647;2.3138670798995755,7.659093428856421,0.6128444371226097
3.940670660494437,7.380496241016366,0.11357214411539156;2.2958432512968767,7.6477579765740815,0.6185251458810705
3.9241573957744174,7.384290067898105,0.11165245812630627;2.276936136781971,7.619588535436407,0.6784308927562471
3.9080950291164274,7.38791284260075,0.10966069399123236;2.3389365279834373,7.684897436029937,0.6144400029377858
3.892020577476662,7.391470175498803,0.10764410555028026;2.3004566910723665,7.617436100679057,0.6416534855629479
3.8754493974120052,7.395065078803697,0.10552589211573431;2.298837421753644,7.593188214357409,0.6423746707471082
3.8593463694979144,7.398488393669799,0.10348737469476998;2.2673036500888744,7.536815532088468,0.6179203169965714
3.843232899596024,7.4018449070011405,0.10149355336852088;2.277683786319988,7.537435207147616,0.5781679577459329
3.826639676180908,7.405231286294505,0.09936018964979104;2.3007881103758137,7.543981374057054,0.6357510213566117
3.8104961642769064,7.408451457581181,0.09714122184635121;2.3047232535655002,7.552683257395558,0.5493037310424269
3.794338320860444,7.4115995419381235,0.09491075420084975;2.229746295928756,7.519827846398121,0.6153959134310173
3.777683908111967,7.414764584931379,0.09255887343527101;2.2323301684904022,7.531227787151164,0.6253778285416244
3.7615008539617603,7.417762736542012,0.09029070490252471;2.176822237268293,7.5253195506546255,0.6272264959015164
3.745306218479432,7.420686697041651,0.08805349763947397;2.1618528489301365,7.536636122552344,0.6023604655028134
3.728635332167324,7.423618228421649,0.0856794307501239;2.1212929843492203,7.537372309505779,0.616688356643904
3.7124137482101625,7.4263887344900725,0.08320415666042362;2.1013398379661115,7.54449355193156,0.5699174932186273
3.6961770463292014,7.429079014194422,0.08072633372804126;2.1117675060045746,7.554414784230522,0.6072750231440768
3.679441118299676,7.431764443595123,0.07812521880273827;2.113838765143759,7.5619979293312065,0.5703557345654233
3.6631822461051993,7.434287696039678,0.07560236646961081;2.071195386243966,7.532111563643867,0.5703819200881854
3.646911894656124,7.436728526475666,0.07310130671056313;2.054648948238639,7.5110724900602595,0.6098801989021287
3.6301690182398425,7.439152646756569,0.07045843627118072;2.076656712026343,7.527533471834615,0.5864924153399443
3.6138754036740943,7.441421340843039,0.0676976803701209;2.078370409001134,7.518906289345029,0.5908378037857688
3.597567076067708,7.443600335698555,0.0649407202157373;2.052523041450996,7.480357519472089,0.5653840165911634
3.5807532862520386,7.445750489452264,0.06208264924600886;2.0271167130973176,7.4445141300805595,0.5979942302053654
3.564428988102079,7.447743715265317,0.05926139041377663;2.0533684279174977,7.467025127905056,0.5322552184301399
3.5480920733113828,7.4496453369371585,0.05647092933988299;2.0047070905303728,7.427976140006534,0.6082223947204547
3.531286554982815,7.451503881955037,0.053525171488763776;2.0257056367613373,7.443492476855261,0.5530184134239223
3.5149311759791657,7.453212877991714,0.05044868385630759;2.0152902366977874,7.439875022253884,0.6067930200202388
3.4985628222622576,7.454821517110245,0.04737833584345047;1.9678641657051825,7.427363057937968,0.5688735879822501
3.481687402826241,7.456373801003026,0.04420769249831169;1.9188266478721072,7.4203436222292565,0.5172730243304262
3.4653063362685743,7.457776311237676,0.04107955616105704;1.9206720457436763,7.4254979847461415,0.538856856669635
3.448915456267487,7.4590768253210395,0.03797638658678011;1.8232889171179192,7.407366279812423,0.5808030969920113
3.43206143388769,7.4603054354767595,0.03468756924008697;1.8396827245709932,7.419144273236222,0.5339991690589868
3.4156602222067503,7.46139063554502,0.031263381939003486;1.8331452697387063,7.419507866928878,0.5562005086934556
3.399248947987462,7.46236368866275,0.027843260187417927;1.8302305670979742,7.4204394266065385,0.5537679495997712
3.3823311736467945,7.4632490074738245,0.02431944823481543;1.8247423544044363,7.415883351158808,0.5361554113210343
3.365907165515173,7.463993761567847,0.02087738419407782;1.8101190042875526,7.398697564652423,0.5589067767044776
3.3494856332205565,7.464624376323492,0.017408644657437928;1.812704811264635,7.395011665269032,0.5393818640906536
3.3326048415621816,7.465151950183679,0.01373528965881737;1.776583430077992,7.34721386814256,0.5524646320092214
3.3161804024544814,7.465542634365701,0.009925698350617407;1.7913019698175736,7.351788402557259,0.5687507020740179
3.299750271175302,7.465808216606807,0.006118158706882637;1.7947154504967582,7.346117674841394,0.5721139000106432
3.2828172441751957,7.465951128495891,0.002198713319109995;1.7126226137312666,7.272323552723528,0.5296012046853904
3.266380786182214,7.46596295995429,-0.0016140523221258455;1.741301249818907,7.287671559958259,0.5473924835276484
3.2499533526595883,7.465848681303985,-0.005454236644366308;1.7505198727455373,7.2985560045111875,0.4883077004515669
3.2330775709835113,7.465597643311289,-0.009541525792081913;1.7491720137151638,7.302783385673908,0.5306132296200633
3.216661675541376,7.465216996545384,-0.013777124649805688;1.6527989557910285,7.287215229001028,0.5439056633975516
3.2002462484586554,7.464697176032597,-0.018013439071960517;1.638428738511633,7.300694401767186,0.4847254035191606
3.1833353500817356,7.464016018091826,-0.022376068567501618;1.6415942713622045,7.314828750875247,0.486664391567164
3.1669259625732744,7.4632137660054285,-0.026614245063818095;1.5693630041692337,7.315149900425154,0.46862558583045244
3.150536976026929,7.462281442796845,-0.030935390879525078;1.566669061852135,7.321563186567331,0.5230214640773796
3.133680524048175,7.461195081650401,-0.03569744033006557;1.5249710044681468,7.317869460250716,0.4291490786717385
3.117316993266573,7.459949387251447,-0.04040899496503859;1.6313706067010338,7.362699056504418,0.48951268233521444
3.100962674437988,7.458549204825012,-0.04511910685186267;1.5398829702772412,7.296914761566756,0.48227749291249256
3.0841240194158677,7.456945147486015,-0.04996777505877882;1.5634351217764733,7.308313756269617,0.42863032384328636
3.0677928625847803,7.455231743355423,-0.054670991694633846;1.558362420827734,7.280110554128709,0.5136599167540548
3.051480188070911,7.453367006010498,-0.05938601706731277;1.514223082485406,7.223245800261438,0.456567993971922
