-0.03141751;0.01211412;0.54989302
-0.04164203;0.01832326;0.57480739
-0.05199887;0.02219064;0.59791602
-0.06225901;0.02326658;0.61833149
-0.07191621;0.02169831;0.63456069
-0.08080718;0.01801209;0.64588422
-0.08887986;0.0126528;0.65275605
-0.09597138;0.00594517;0.6576404
-0.10221212;-0.00176741;0.66083202
-0.10775017;-0.01033039;0.66244496
-0.11268734;-0.0195216;0.66244005
-0.11712872;-0.02911693;0.6603911
-0.12116803;-0.03898087;0.65586129
-0.12487106;-0.0489201;0.64870495
-0.1283071;-0.05884115;0.63876624
-0.13154802;-0.06871387;0.62580304
-0.13464739;-0.0784581;0.60987399
-0.13766231;-0.08805413;0.5909268
-0.14065481;-0.09752404;0.56876197
-0.14355607;-0.10734066;0.5449924
-0.14613644;-0.11839548;0.52316405
-0.14849706;-0.13068533;0.50358621
-0.15054975;-0.1439136;0.48581914
-0.1519987;-0.15773983;0.46962209
-0.15274482;-0.17203283;0.45455217
-0.15249968;-0.18628867;0.44061773
-0.15145951;-0.20048596;0.4276341
-0.14976537;-0.21463755;0.41536965
-0.14755577;-0.22867579;0.40365967
-0.14484714;-0.24210989;0.39295958
-0.14165558;-0.25497905;0.38290975
-0.13803643;-0.26729519;0.37321961
-0.13403439;-0.27909813;0.36372013
-0.12981993;-0.29011212;0.35486195
-0.12544583;-0.30035751;0.34640369
-0.12091932;-0.30986463;0.33821233
-0.11615565;-0.31867016;0.33043607
-0.11115468;-0.326826;0.32295125
-0.10590612;-0.33437853;0.31564441
-0.10040633;-0.34138649;0.30841543
-0.09489308;-0.3479648;0.30131267
-0.08950928;-0.35412818;0.29457048
-0.08426789;-0.35990812;0.28817071
-0.0792529;-0.3653968;0.28211262
-0.07445074;-0.37061603;0.27636195
-0.06984888;-0.37558683;0.27089022
-0.06543624;-0.38032953;0.26567183
-0.06120239;-0.38486172;0.26068579
-0.0571374;-0.389199;0.25591408
-0.05323228;-0.39335602;0.25134028
-0.04947859;-0.39734566;0.24695008
-0.04586837;-0.40117968;0.24273056
-0.04239432;-0.404869;0.23866979
-0.0390497;-0.40842365;0.2347568
-0.0358283;-0.41185317;0.23098105
-0.03272431;-0.41516638;0.2273327
-0.02973254;-0.41837176;0.22380201
-0.02684833;-0.42147789;0.2203787
-0.02406722;-0.42449241;0.217053
-0.02138527;-0.42742293;0.21381409
-0.01879904;-0.43027728;0.21064896
-0.01630474;-0.4330613;0.20754488
-0.01389864;-0.43577993;0.2044861
-0.01157652;-0.43843607;0.20145183
-0.00933214;-0.44102654;0.19842267
-0.00715659;-0.4435404;0.19541962
-0.00504457;-0.4459762;0.1925283
-0.00300501;-0.44837284;0.18978464
-0.00103878;-0.45074941;0.18709759
0.00085306;-0.45312009;0.18442114
0.00267706;-0.45546851;0.1818196
0.00443915;-0.45778876;0.17929183
0.00614459;-0.46007391;0.17683599
0.0078038;-0.46230038;0.17445632
0.00942009;-0.46446325;0.17213777
0.01100002;-0.46654911;0.16987625
0.01254839;-0.46854985;0.16766898
0.0140689;-0.4704615;0.16551378
0.01556592;-0.47227876;0.16340883
0.01704414;-0.47399541;0.16135461
0.01850738;-0.47560458;0.15935586
0.01994769;-0.47712941;0.15740955
0.02137003;-0.47857018;0.15550822
0.02277739;-0.47992567;0.15365037
0.02417284;-0.4811946;0.15183448
0.02555867;-0.482378;0.15005924
0.02693866;-0.48347266;0.14832327
0.02831845;-0.48447108;0.14662659
0.02970134;-0.48537199;0.14496803
0.03109092;-0.48617482;0.14334632
0.03249191;-0.48687777;0.14176025
0.03390641;-0.48748456;0.14020867
0.03533823;-0.48799456;0.13869045
0.03679359;-0.48840299;0.13720452
0.03827559;-0.48871092;0.13574987
0.03978855;-0.48891876;0.13432552
0.04133919;-0.48902507;0.13293054
0.04292985;-0.48903504;0.13156403
0.04456455;-0.4889505;0.13022512
0.04625059;-0.4887689;0.12891299
0.04799047;-0.48849361;0.12762683
0.04978773;-0.48812773;0.12636589
0.05164724;-0.48767341;0.12512943
0.05356913;-0.48713681;0.12391675
0.05555622;-0.48652031;0.12272717
0.05761452;-0.48582248;0.12156002
0.05974181;-0.48504822;0.12041469
0.06193746;-0.48420061;0.11929057
0.06420456;-0.48327949;0.11818708
0.06654083;-0.48228828;0.11710364
0.06894728;-0.48122671;0.11603973
0.07142759;-0.4800911;0.11499482
0.07397672;-0.47888403;0.11396839
0.07659188;-0.47760635;0.11295997
0.0792737;-0.47625595;0.11196909
0.08201619;-0.47483628;0.11099529
0.08481677;-0.47334795;0.11003813
0.08767593;-0.47178883;0.1090972
0.09058813;-0.47016227;0.10817208
0.09355096;-0.46846892;0.10726237
0.09656501;-0.46670646;0.10636771
0.09962498;-0.4648782;0.1054877
0.10272859;-0.46298458;0.10462201
0.10587635;-0.46102321;0.10377027
0.10906319;-0.4589975;0.10293216
0.11228702;-0.45690791;0.10210736
0.1155483;-0.45475193;0.10129554
0.11884229;-0.45253281;0.10049641
0.12216694;-0.4502509;0.09970966
0.12552261;-0.44790357;0.09893502
0.12890497;-0.44549448;0.09817221
0.13231205;-0.44302393;0.09742095
0.13574394;-0.44048914;0.09668099
0.13919638;-0.43789339;0.09595207
0.14266744;-0.43523693;0.09523395
0.14615725;-0.43251703;0.09452639
0.14966189;-0.42973722;0.09382915
0.15317966;-0.42689798;0.09314202
0.1567103;-0.42399639;0.09246478
0.16024997;-0.42103577;0.09179722
0.16379683;-0.41801637;0.09113912
0.16735068;-0.41493541;0.09049028
0.17090797;-0.4117964;0.08985053
0.17446698;-0.40859963;0.08921965
0.17802698;-0.40534377;0.08859748
0.18158606;-0.40203203;0.08798384
0.18514466;-0.39866398;0.08737854
0.18870402;-0.3952376;0.08678141
0.19226245;-0.39175713;0.08619231
0.19581985;-0.38822347;0.08561105
0.19937741;-0.38463462;0.08503749
0.20293354;-0.38099455;0.08447149
0.20648805;-0.37730413;0.08391288
0.21004211;-0.3735613;0.08336152
0.21359415;-0.36976997;0.08281728
0.21714405;-0.36593097;0.08228001
0.22069293;-0.36204221;0.08174959
0.22423928;-0.3581074;0.08122588
0.22778293;-0.35412731;0.08070876
0.23132496;-0.35009981;0.0801981
0.2348639;-0.34602857;0.07969379
0.23839961;-0.34191433;0.0791957
0.24193312;-0.33775496;0.07870372
0.24546302;-0.33355397;0.07821774
0.24898914;-0.32931199;0.07773766
0.25251247;-0.32502686;0.07726335
0.25603164;-0.32070205;0.07679473
0.25954649;-0.31633822;0.07633168
0.26305799;-0.31193317;0.07587411
0.26656479;-0.30749028;0.07542193
0.27006672;-0.30301007;0.07497503
0.27356468;-0.29849038;0.07453333
0.27705741;-0.29393447;0.07409674
0.2805447;-0.28934294;0.07366517
0.28402747;-0.28471358;0.07323852
0.28750444;-0.28004961;0.07281673
0.29097543;-0.27535146;0.0723997
0.29444125;-0.27061698;0.07198736
0.29790072;-0.26584926;0.07157962
0.30135363;-0.26104885;0.07117641
0.30480079;-0.25621352;0.07077766
0.30824102;-0.25134634;0.07038329
0.31167413;-0.24644771;0.06999323
0.31510082;-0.24151545;0.06960741
0.31852;-0.23655255;0.06922576
0.32193144;-0.23155948;0.06884822
0.32533587;-0.22653402;0.06847471
0.32873219;-0.22147908;0.06810517
0.33212018;-0.21639506;0.06773955
0.33550046;-0.21127978;0.06737777
0.33887199;-0.20613609;0.06701978
0.34223457;-0.20096442;0.06666553
0.34558879;-0.19576258;0.06631494
0.34893364;-0.19053334;0.06596796
0.3522689;-0.18527707;0.06562455
0.35559508;-0.17999159;0.06528463
0.35891122;-0.17467967;0.06494817
0.36221709;-0.16934167;0.06461511
0.36551319;-0.16397545;0.0642854
0.36879858;-0.15858368;0.06395898
0.37206473;-0.15319101;0.06363742
0.37529527;-0.14784925;0.06331863
0.37849142;-0.14255915;0.06300239
0.38165539;-0.13732021;0.06268884
0.38478876;-0.13213166;0.06237818
0.38789156;-0.12699328;0.06207052
0.39096438;-0.12190453;0.06176584
0.3940077;-0.11686471;0.0614641
0.39702188;-0.11187311;0.06116524
0.40000733;-0.10692903;0.06086923
0.40296449;-0.10203181;0.06057602
0.40589377;-0.09718079;0.06028558
0.40879553;-0.09237533;0.05999786
0.41167021;-0.08761478;0.05971283
0.41451815;-0.08289852;0.05943046
0.41733969;-0.07822591;0.0591507
0.42013522;-0.07359636;0.05887352
0.42290512;-0.06900927;0.05859888
0.42564973;-0.06446408;0.05832675
0.4283694;-0.05996023;0.05805709
0.4310645;-0.05549715;0.05778987
0.43373529;-0.05107425;0.05752507
0.4363821;-0.04669101;0.05726263
0.4390053;-0.04234689;0.05700254
0.44160519;-0.0380414;0.05674476
0.44418208;-0.03377404;0.05648926
0.44673633;-0.0295443;0.05623601
0.44926815;-0.02535163;0.05598498
0.45177783;-0.02119556;0.05573615
0.45426569;-0.01707562;0.05548948
0.45673201;-0.01299136;0.05524495
0.45917709;-0.00894233;0.05500252
0.46160124;-0.00492808;0.05476217
0.46400466;-0.00094814;0.05452388
0.46638759;0.00299797;0.05428762
0.46875032;0.00691065;0.05405335
0.47109311;0.01079032;0.05382107
0.47341623;0.01463735;0.05359073
0.47571993;0.01845217;0.05336232
0.47800442;0.02223522;0.05313582
0.48026994;0.02598689;0.0529112
0.48251673;0.02970756;0.05268844
0.48474503;0.03339762;0.0524675
0.48695508;0.03705743;0.05224838
0.48914713;0.04068732;0.05203105
0.49132138;0.04428768;0.05181548
0.49347793;0.04785895;0.05160166
0.49561707;0.05140143;0.05138956
0.49773904;0.05491547;0.05117917
0.49984403;0.05840139;0.05097046
0.50193227;0.06185952;0.05076341
0.50400397;0.06529018;0.05055801
0.50605926;0.06869375;0.05035423
0.50809833;0.07207054;0.05015205
0.51012141;0.07542085;0.04995146
0.51212869;0.07874499;0.04975244
0.51412035;0.08204325;0.04955496
0.5160966;0.08531591;0.04935902
0.51805757;0.08856332;0.04916458
0.52000344;0.09178577;0.04897165
0.52193439;0.09498353;0.04878019
0.52385061;0.09815688;0.0485902
0.52575224;0.10130609;0.04840165
0.52763948;0.10443144;0.04821452
0.52951247;0.10753322;0.04802881
0.53137137;0.11061168;0.0478445
0.53321635;0.11366708;0.04766157
0.53504757;0.11669968;0.04748
0.53686515;0.11970975;0.04729978
0.53866927;0.12269751;0.0471209
0.54046009;0.12566323;0.04694333
0.54223773;0.12860714;0.04676707
0.54400238;0.13152947;0.04659211
0.54575415;0.13443046;0.04641842
0.54749316;0.13731037;0.04624599
0.54921956;0.14016943;0.04607482
0.55093351;0.14300784;0.04590488
0.55263512;0.14582583;0.04573616
0.55432455;0.14862359;0.04556864
0.55600194;0.15140136;0.04540233
0.55766738;0.15415939;0.0452372
0.55932099;0.15689786;0.04507325
0.56096292;0.15961698;0.04491045
0.56259329;0.16231695;0.04474879
0.56421223;0.16499795;0.04458827
0.56581989;0.16766019;0.04442888
0.56741633;0.17030388;0.04427059
0.56900166;0.17292924;0.04411341
0.57057603;0.17553644;0.04395731
0.57213954;0.17812565;0.04380229
0.57369231;0.18069705;0.04364833
0.5752345;0.18325081;0.04349543
0.57676615;0.18578714;0.04334357
0.57828736;0.18830625;0.04319274
0.57979825;0.19080829;0.04304294
0.58129894;0.19329341;0.04289415
0.58278952;0.19576179;0.04274636
0.58427013;0.19821358;0.04259956
0.58574087;0.20064896;0.04245375
0.58720177;0.20306813;0.0423089
0.58865295;0.20547125;0.04216503
0.59009453;0.20785844;0.0420221
0.5915266;0.21022987;0.04188011
0.59294926;0.21258567;0.04173906
0.59436265;0.21492601;0.04159893
0.59576677;0.21725107;0.04145972
0.59716173;0.21956101;0.04132142
0.59854763;0.22185595;0.04118402
0.59992456;0.22413602;0.0410475
0.60129263;0.22640137;0.04091186
0.60265194;0.22865213;0.0407771
0.60400251;0.23088848;0.0406432
0.60534443;0.23311055;0.04051016
0.60667781;0.23531848;0.04037797
0.60800272;0.23751239;0.04024661
0.60931926;0.23969239;0.04011608
0.61062751;0.24185862;0.03998638
0.61192752;0.24401124;0.0398575
0.61321935;0.2461504;0.03972942
0.61450309;0.24827619;0.03960215
0.61577884;0.25038874;0.03947566
0.61704668;0.25248815;0.03934996
0.61830669;0.25457454;0.03922504
0.61955891;0.25664806;0.03910089
0.62080339;0.25870885;0.0389775
0.62204023;0.260757;0.03885488
0.6232695;0.26279263;0.038733
0.62449129;0.26481584;0.03861186
0.62570567;0.26682672;0.03849146
0.62691269;0.26882541;0.03837179
0.62811239;0.27081205;0.03825285
0.62930486;0.27278674;0.03813462
0.63049016;0.27474957;0.0380171
0.63166838;0.27670064;0.03790029
0.63283959;0.27864004;0.03778416
0.63400384;0.28056787;0.03766874
0.63516113;0.2824843;0.037554
0.63631156;0.28438941;0.03743993
0.6374552;0.28628328;0.03732655
0.63859212;0.28816601;0.03721382
0.63972239;0.29003768;0.03710176
0.64084608;0.29189838;0.03699035
0.64196317;0.29374826;0.03687959
0.64307374;0.2955874;0.03676948
0.64417788;0.29741588;0.03666
0.64527563;0.2992338;0.03655116
0.64636707;0.30104124;0.03644295
0.64745227;0.30283825;0.03633535
0.64853123;0.30462498;0.03622838
0.649604;0.30640152;0.03612201
0.65067066;0.30816794;0.03601625
0.65173124;0.30992434;0.0359111
0.65278583;0.31167078;0.03580653
0.65383448;0.31340732;0.03570256
0.65487722;0.31513408;0.03559917
0.65591409;0.31685116;0.03549637
0.65694513;0.31855863;0.03539414
0.65797042;0.32025656;0.03529248
0.65898999;0.32194503;0.03519139
0.66000391;0.32362411;0.03509086
0.66101223;0.32529387;0.03499088
0.66201496;0.32695443;0.03489147
0.66301215;0.32860584;0.03479259
0.66400386;0.33024819;0.03469426
0.66499014;0.33188153;0.03459647
0.66597103;0.33350594;0.03449922
0.66694659;0.33512149;0.03440249
0.66791684;0.33672827;0.03430628
0.66888183;0.33832635;0.03421061
0.66984159;0.33991579;0.03411544
0.67079618;0.34149666;0.03402079
0.67174563;0.34306904;0.03392665
0.67269;0.34463298;0.03383301
0.67362931;0.34618855;0.03373988
0.67456361;0.34773585;0.03364724
0.67549294;0.3492749;0.0335551
0.67641734;0.3508058;0.03346344
0.67733684;0.3523286;0.03337227
0.67825149;0.35384336;0.03328158
0.67916133;0.35535015;0.03319136
0.68006639;0.35684903;0.03310162
0.68096672;0.35834006;0.03301235
0.68186236;0.3598233;0.03292355
0.68275331;0.36129883;0.03283521
0.68363964;0.36276669;0.03274732
0.68452138;0.36422695;0.0326599
0.68539856;0.36567965;0.03257292
0.68627124;0.36712486;0.03248639
0.68713945;0.36856263;0.03240031
0.68800318;0.36999303;0.03231467
0.6888625;0.37141614;0.03222947
0.68971743;0.37283198;0.0321447
0.69056801;0.37424061;0.03206036
0.69141429;0.37564207;0.03197645
0.69225632;0.37703642;0.03189297
0.69309407;0.37842375;0.03180991
0.69392759;0.3798041;0.03172726
0.69475691;0.38117751;0.03164504
0.69558209;0.38254404;0.03156322
0.69640316;0.38390372;0.03148181
0.69722015;0.3852566;0.0314008
0.69803305;0.38660277;0.03132021
0.69884188;0.38794228;0.03124001
0.6996467;0.38927516;0.03116021
0.70044755;0.39060147;0.0310808
0.70124446;0.39192124;0.03100179
0.70203748;0.3932345;0.03092316
0.70282661;0.39454132;0.03084491
0.70361186;0.39584177;0.03076706
0.70439327;0.39713588;0.03068958
0.70517088;0.3984237;0.03061247
0.70594471;0.39970527;0.03053575
0.70671482;0.40098061;0.03045939
0.70748121;0.40224978;0.0303834
0.70824389;0.40351285;0.03030778
0.7090029;0.40476986;0.03023252
0.70975826;0.40602085;0.03015762
0.71051001;0.40726584;0.03008308
0.71125818;0.40850488;0.0300089
0.7120028;0.40973801;0.02993506
0.71274387;0.4109653;0.02986159
0.71348142;0.41218678;0.02978846
0.71421548;0.41340249;0.02971567
0.71494607;0.41461246;0.02964323
0.71567323;0.41581674;0.02957113
0.71639699;0.41701534;0.02949936
0.71711735;0.41820834;0.02942794
0.71783432;0.41939578;0.02935685
0.71854796;0.42057768;0.02928609
0.71925827;0.42175409;0.02921565
0.71996529;0.42292504;0.02914555
0.72066905;0.42409055;0.02907576
0.72136955;0.42525068;0.0290063
0.72206682;0.42640547;0.02893717
0.72276087;0.42755497;0.02886835
0.72345174;0.42869919;0.02879984
0.72413945;0.42983817;0.02873165
0.72482402;0.43097194;0.02866377
0.72550548;0.43210054;0.0285962
0.72618383;0.43322403;0.02852894
0.72685909;0.43434242;0.02846198
0.7275313;0.43545576;0.02839532
0.72820047;0.43656407;0.02832897
0.72886664;0.43766738;0.02826291
0.72952982;0.43876572;0.02819715
0.73019001;0.43985915;0.02813169
0.73084724;0.44094769;0.02806652
0.73150154;0.44203137;0.02800164
0.73215293;0.44311023;0.02793705
0.73280142;0.44418429;0.02787274
0.73344704;0.44525358;0.02780872
0.7340898;0.44631814;0.02774498
0.73472972;0.44737801;0.02768153
0.73536681;0.44843321;0.02761836
0.73600111;0.44948378;0.02755546
0.73663261;0.45052973;0.02749284
0.73726137;0.4515711;0.02743049
0.73788737;0.45260793;0.02736841
0.73851065;0.45364025;0.02730661
0.73913121;0.45466807;0.02724508
0.73974908;0.45569144;0.02718381
0.74036426;0.45671038;0.0271228
0.7409768;0.45772492;0.02706206
0.74158669;0.45873508;0.02700158
0.74219396;0.4597409;0.02694136
0.74279862;0.46074241;0.02688141
0.7434007;0.46173962;0.0268217
0.74400019;0.46273258;0.02676225
0.74459712;0.4637213;0.02670306
0.74519153;0.46470582;0.02664411
0.7457834;0.46568615;0.02658542
0.74637278;0.46666233;0.02652698
0.74695966;0.46763438;0.02646878
0.74754405;0.46860233;0.02641083
0.74812598;0.46956621;0.02635312
0.74870548;0.47052605;0.02629566
0.74928255;0.47148185;0.02623844
0.7498572;0.47243366;0.02618145
0.75042946;0.47338148;0.02612471
0.75099933;0.47432536;0.0260682
0.75156682;0.47526532;0.02601192
0.75213196;0.47620138;0.02595588
0.75269476;0.47713357;0.02590007
0.75325524;0.47806189;0.02584449
0.75381343;0.47898638;0.02578914
0.75436931;0.47990707;0.02573402
0.75492289;0.48082399;0.02567912
0.75547421;0.48173715;0.02562445
0.75602328;0.48264658;0.02557001
0.75657011;0.48355228;0.02551578
0.75711474;0.48445429;0.02546178
0.75765715;0.48535263;0.02540799
0.75819734;0.48624734;0.02535443
0.75873535;0.48713843;0.02530108
0.75927118;0.48802592;0.02524794
0.75980486;0.48890982;0.02519502
0.76033641;0.48979014;0.02514231
0.76086585;0.49066693;0.02508982
0.76139314;0.49154022;0.02503753
0.76191832;0.49241002;0.02498546
0.7624414;0.49327636;0.02493359
0.7629624;0.49413923;0.02488193
0.76348134;0.49499866;0.02483047
0.76399823;0.49585467;0.02477922
0.76451306;0.49670731;0.02472818
0.76502583;0.49755659;0.02467733
0.76553658;0.49840253;0.02462669
0.76604532;0.49924513;0.02457624
0.76655208;0.50008441;0.02452599
0.76705686;0.50092038;0.02447594
0.76755966;0.50175309;0.02442608
0.76806048;0.50258256;0.02437642
0.76855936;0.50340879;0.02432696
0.7690563;0.50423181;0.02427768
0.76955131;0.50505163;0.0242286
0.77004443;0.50586825;0.0241797
0.77053563;0.50668172;0.024131
0.77102492;0.50749206;0.02408249
0.77151231;0.50829928;0.02403416
0.77199784;0.5091034;0.02398602
0.7724815;0.50990443;0.02393806
0.77296333;0.51070238;0.02389028
0.77344331;0.51149727;0.02384269
0.77392145;0.51228915;0.02379528
0.77439776;0.51307801;0.02374805
0.77487226;0.51386387;0.023701
0.77534495;0.51464675;0.02365413
0.77581586;0.51542666;0.02360744
0.776285;0.51620361;0.02356092
0.77675235;0.51697764;0.02351458
0.77721795;0.51774876;0.02346841
0.7776818;0.51851697;0.02342242
0.7781439;0.51928231;0.0233766
0.77860427;0.52004478;0.02333095
0.77906292;0.5208044;0.02328547
0.77951986;0.52156118;0.02324016
0.77997511;0.52231515;0.02319502
0.78042866;0.52306631;0.02315005
0.78088053;0.52381467;0.02310524
0.78133072;0.52456028;0.0230606
0.78177925;0.52530314;0.02301613
0.78222612;0.52604325;0.02297182
0.78267134;0.52678062;0.02292767
0.78311495;0.52751528;0.02288368
0.78355693;0.52824725;0.02283986
0.78399727;0.52897654;0.0227962
0.78443601;0.52970317;0.0227527
0.78487315;0.53042715;0.02270935
0.78530869;0.53114848;0.02266616
0.78574267;0.53186718;0.02262313
0.78617508;0.53258328;0.02258026
0.78660591;0.53329678;0.02253754
0.78703517;0.53400771;0.02249498
0.7874629;0.53471608;0.02245257
0.78788907;0.53542188;0.02241031
0.78831373;0.53612514;0.02236821
0.78873688;0.53682587;0.02232625
0.78915849;0.53752409;0.02228445
0.78957859;0.53821983;0.0222428
0.7899972;0.53891308;0.02220129
0.79041431;0.53960385;0.02215993
0.79082995;0.54029215;0.02211872
0.79124413;0.54097801;0.02207766
0.79165683;0.54166144;0.02203674
0.79206806;0.54234246;0.02199597
0.79247784;0.54302107;0.02195534
0.79288618;0.54369728;0.02191485
0.79329308;0.54437111;0.02187451
0.79369858;0.54504255;0.02183431
0.79410265;0.54571165;0.02179425
0.79450529;0.54637841;0.02175433
0.79490652;0.54704285;0.02171455
0.79530636;0.54770496;0.0216749
0.7957048;0.54836475;0.0216354
0.79610189;0.54902224;0.02159603
0.7964976;0.54967745;0.0215568
0.79689192;0.55033039;0.02151771
0.79728487;0.55098108;0.02147875
0.79767647;0.55162953;0.02143993
0.79806673;0.55227573;0.02140124
0.79845565;0.55291969;0.02136268
0.79884326;0.55356143;0.02132426
0.79922952;0.55420098;0.02128596
0.79961445;0.55483835;0.0212478
0.79999807;0.55547354;0.02120977
0.80038038;0.55610656;0.02117187
0.8007614;0.55673741;0.0211341
0.80114114;0.55736611;0.02109645
0.80151957;0.55799269;0.02105894
0.8018967;0.55861715;0.02102155
0.80227256;0.5592395;0.02098429
0.80264715;0.55985975;0.02094715
0.80302048;0.56047789;0.02091014
0.80339256;0.56109394;0.02087326
0.80376338;0.56170794;0.02083649
0.80413293;0.56231989;0.02079986
0.80450125;0.56292979;0.02076334
0.80486833;0.56353766;0.02072695
0.8052342;0.56414348;0.02069067
0.80559886;0.56474727;0.02065452
0.8059623;0.56534906;0.02061849
0.80632453;0.56594885;0.02058258
0.80668556;0.56654666;0.02054679
0.80704539;0.56714249;0.02051111
0.80740404;0.56773635;0.02047556
0.80776153;0.56832823;0.02044012
0.80811784;0.56891816;0.0204048
0.80847295;0.56950616;0.02036959
0.80882689;0.57009224;0.0203345
0.80917968;0.5706764;0.02029953
0.80953131;0.57125864;0.02026467
0.80988181;0.57183896;0.02022992
0.81023118;0.57241738;0.02019528
0.81057938;0.57299394;0.02016077
0.81092644;0.57356863;0.02012636
0.81127238;0.57414146;0.02009206
0.81161719;0.57471243;0.02005788
0.8119609;0.57528154;0.0200238
0.81230351;0.5758488;0.01998984
0.812645;0.57641425;0.01995598
0.81298538;0.57697788;0.01992224
0.81332467;0.5775397;0.0198886
0.81366286;0.57809972;0.01985507
0.81399998;0.57865793;0.01982165
0.81433603;0.57921435;0.01978833
0.814671;0.579769;0.01975512
0.81500489;0.58032189;0.01972202
0.81533771;0.58087302;0.01968902
0.81566948;0.5814224;0.01965613
0.81600019;0.58197003;0.01962334
0.81632987;0.58251591;0.01959066
0.81665849;0.58306007;0.01955808
0.81698608;0.58360252;0.0195256
0.81731262;0.58414326;0.01949323
0.81763814;0.5846823;0.01946096
0.81796263;0.58521964;0.01942878
0.81828611;0.58575529;0.01939671
0.81860857;0.58628926;0.01936474
0.81893002;0.58682156;0.01933287
0.81925047;0.5873522;0.0193011
0.81956992;0.58788119;0.01926943
0.81988836;0.58840852;0.01923786
0.82020582;0.58893422;0.01920638
0.82052229;0.58945829;0.019175
0.82083778;0.58998073;0.01914373
0.8211523;0.59050155;0.01911254
0.82146585;0.59102076;0.01908146
0.82177842;0.59153836;0.01905047
0.82209002;0.59205438;0.01901957
0.82240068;0.59256881;0.01898877
0.82271038;0.59308166;0.01895807
0.82301913;0.59359293;0.01892745
0.82332695;0.59410263;0.01889694
0.82363382;0.59461077;0.01886651
0.82393974;0.59511737;0.01883618
0.82424474;0.59562242;0.01880594
0.82454881;0.59612594;0.0187758
0.82485196;0.59662792;0.01874574
0.82515421;0.59712836;0.01871578
0.82545555;0.59762729;0.01868591
0.82575596;0.59812472;0.01865612
0.82605547;0.59862064;0.01862643
0.82635407;0.59911507;0.01859683
0.82665178;0.59960801;0.01856731
0.82694861;0.60009945;0.01853789
0.82724454;0.60058941;0.01850855
0.82753957;0.60107792;0.0184793
0.82783372;0.60156497;0.01845014
0.828127;0.60205056;0.01842107
0.82841939;0.60253471;0.01839208
0.82871093;0.60301739;0.01836318
0.82900162;0.60349864;0.01833436
0.82929142;0.60397846;0.01830564
0.82958035;0.60445687;0.01827699
0.82986843;0.60493386;0.01824844
0.83015566;0.60540944;0.01821996
0.83044205;0.60588361;0.01819157
0.83072761;0.60635636;0.01816326
0.83101231;0.60682774;0.01813504
0.83129617;0.60729773;0.0181069
0.83157919;0.60776635;0.01807884
0.83186138;0.6082336;0.01805087
0.83214275;0.60869947;0.01802297
0.83242331;0.60916397;0.01799516
0.83270304;0.60962712;0.01796743
0.83298195;0.61008892;0.01793978
0.83326004;0.61054938;0.01791221
0.83353732;0.61100851;0.01788473
0.8338138;0.6114663;0.01785732
0.83408949;0.61192276;0.01782999
0.83436438;0.61237789;0.01780273
0.83463847;0.61283171;0.01777556
0.83491176;0.61328423;0.01774847
0.83518426;0.61373545;0.01772145
0.83545598;0.61418537;0.01769452
0.83572693;0.61463398;0.01766765
0.8359971;0.61508131;0.01764087
0.83626649;0.61552736;0.01761417
0.83653511;0.61597214;0.01758754
0.83680295;0.61641565;0.01756098
0.83707004;0.6168579;0.0175345
0.83733636;0.61729888;0.0175081
0.83760193;0.6177386;0.01748177
0.83786674;0.61817708;0.01745552
0.8381308;0.61861432;0.01742934
0.8383941;0.61905032;0.01740324
0.83865666;0.61948509;0.01737721
0.83891847;0.61991862;0.01735125
0.83917956;0.62035093;0.01732537
0.83943991;0.62078202;0.01729956
0.83969951;0.62121191;0.01727382
0.83995839;0.62164059;0.01724815
0.84021654;0.62206807;0.01722256
0.84047396;0.62249435;0.01719704
0.84073068;0.62291943;0.01717158
0.84098667;0.62334332;0.0171462
0.84124195;0.62376604;0.0171209
0.84149651;0.62418758;0.01709566
0.84175037;0.62460795;0.01707049
0.84200351;0.62502715;0.01704539
0.84225596;0.62544519;0.01702036
0.84250771;0.62586206;0.0169954
0.84275876;0.62627779;0.01697051
0.84300912;0.62669237;0.01694569
0.84325878;0.62710581;0.01692094
0.84350775;0.6275181;0.01689625
0.84375604;0.62792926;0.01687164
0.84400366;0.62833929;0.01684709
0.84425059;0.6287482;0.0168226
0.84449684;0.62915599;0.01679819
0.84474242;0.62956266;0.01677384
0.84498732;0.62996822;0.01674956
0.84523156;0.63037268;0.01672534
0.84547513;0.63077603;0.01670119
0.84571804;0.63117829;0.01667711
0.84596029;0.63157945;0.01665309
0.84620189;0.63197952;0.01662914
0.84644282;0.63237852;0.01660525
0.8466831;0.63277643;0.01658143
0.84692274;0.63317327;0.01655767
0.84716172;0.63356903;0.01653397
0.84740006;0.63396373;0.01651034
0.84763777;0.63435736;0.01648678
0.84787483;0.63474994;0.01646327
0.84811126;0.63514146;0.01643983
0.84834705;0.63553194;0.01641645
0.84858221;0.63592137;0.01639314
0.84881674;0.63630976;0.01636988
0.84905065;0.6366971;0.01634669
0.84928394;0.63708342;0.01632356
0.8495166;0.63746871;0.0163005
0.84974865;0.63785297;0.01627749
0.84998008;0.63823622;0.01625454
0.85021089;0.63861844;0.01623166
0.8504411;0.63899965;0.01620884
0.85067071;0.63937985;0.01618607
0.8508997;0.63975905;0.01616337
0.85112808;0.64013725;0.01614073
0.85135587;0.64051445;0.01611814
0.85158306;0.64089066;0.01609562
0.85180965;0.64126587;0.01607315
0.85203567;0.6416401;0.01605075
0.85226108;0.64201334;0.0160284
0.8524859;0.64238562;0.01600611
0.85271014;0.64275693;0.01598388
0.85293378;0.64312726;0.01596171
0.85315685;0.64349662;0.01593959
0.85337936;0.643865;0.01591753
0.85360129;0.64423244;0.01589553
0.85382264;0.64459892;0.01587359
0.8540434;0.64496446;0.01585171
0.8542636;0.64532905;0.01582988
0.85448323;0.64569269;0.0158081
0.85470231;0.64605537;0.01578639
0.85492081;0.64641713;0.01576473
0.85513875;0.64677797;0.01574312
0.85535613;0.64713787;0.01572158
0.85557295;0.64749685;0.01570008
0.85578922;0.64785491;0.01567864
0.85600494;0.64821203;0.01565726
0.85622012;0.64856824;0.01563593
0.85643472;0.64892355;0.01561466
0.85664877;0.64927796;0.01559344
0.85686228;0.64963147;0.01557227
0.85707524;0.64998407;0.01555116
0.85728767;0.65033577;0.0155301
0.85749956;0.65068657;0.0155091
0.85771092;0.65103649;0.01548815
0.85792173;0.65138552;0.01546725
0.858132;0.65173368;0.01544641
0.85834174;0.65208095;0.01542561
0.85855096;0.65242734;0.01540487
0.85875965;0.65277285;0.01538418
0.85896781;0.65311749;0.01536355
0.85917545;0.65346127;0.01534297
0.85938257;0.65380419;0.01532243
0.85958916;0.65414625;0.01530195
0.85979524;0.65448745;0.01528152
0.8600008;0.6548278;0.01526115
0.86020585;0.65516729;0.01524082
0.86041038;0.65550594;0.01522054
0.86061442;0.65584374;0.01520032
0.86081794;0.6561807;0.01518014
0.86102095;0.65651682;0.01516002
0.86122345;0.65685211;0.01513994
0.86142546;0.65718656;0.01511992
0.86162697;0.65752019;0.01509994
0.86182798;0.65785299;0.01508002
0.8620285;0.65818496;0.01506014
0.86222852;0.65851612;0.01504031
0.86242804;0.65884646;0.01502053
0.86262708;0.65917599;0.0150008
0.86282562;0.6595047;0.01498112
0.86302369;0.65983261;0.01496149
0.86322127;0.6601597;0.0149419
0.86341836;0.660486;0.01492237
0.86361496;0.6608115;0.01490288
0.86381109;0.66113621;0.01488344
0.86400674;0.66146012;0.01486404
0.86420192;0.66178324;0.01484469
0.86439663;0.66210556;0.01482539
0.86459086;0.66242711;0.01480614
0.86478461;0.66274787;0.01478693
0.86497789;0.66306786;0.01476778
0.86517071;0.66338708;0.01474866
0.86536307;0.66370551;0.01472959
0.86555497;0.66402317;0.01471057
0.8657464;0.66434007;0.0146916
0.86593737;0.6646562;0.01467267
0.86612787;0.66497158;0.01465379
0.86631792;0.66528619;0.01463495
0.86650752;0.66560004;0.01461616
0.86669667;0.66591314;0.01459741
0.86688537;0.66622548;0.01457871
0.86707361;0.66653708;0.01456005
0.86726139;0.66684794;0.01454144
0.86744874;0.66715805;0.01452287
0.86763563;0.66746743;0.01450435
0.86782209;0.66777605;0.01448586
0.86800811;0.66808394;0.01446743
0.86819368;0.6683911;0.01444904
0.86837881;0.66869754;0.01443069
0.8685635;0.66900325;0.01441238
0.86874775;0.66930823;0.01439412
0.86893158;0.66961248;0.0143759
0.86911498;0.66991601;0.01435773
0.86929795;0.67021883;0.01433959
0.86948048;0.67052093;0.01432151
0.86966257;0.67082233;0.01430346
0.86984424;0.67112302;0.01428545
0.87002549;0.67142299;0.01426749
0.87020634;0.67172225;0.01424957
0.87038676;0.67202081;0.01423169
0.87056674;0.67231868;0.01421386
0.87074631;0.67261585;0.01419606
0.87092545;0.67291233;0.01417831
0.87110418;0.67320811;0.0141606
0.87128251;0.67350319;0.01414293
0.87146042;0.67379758;0.0141253
0.87163791;0.6740913;0.01410771
0.87181498;0.67438434;0.01409016
0.87199164;0.67467671;0.01407266
0.8721679;0.67496839;0.01405519
0.87234375;0.67525938;0.01403776
0.8725192;0.67554971;0.01402038
0.87269424;0.67583937;0.01400304
0.87286886;0.67612837;0.01398573
0.87304308;0.6764167;0.01396847
0.87321691;0.67670437;0.01395124
0.87339034;0.67699136;0.01393405
0.87356338;0.67727769;0.01391691
0.87373602;0.67756337;0.0138998
0.87390826;0.67784841;0.01388273
0.87408011;0.67813279;0.01386571
0.87425156;0.67841652;0.01384872
0.87442264;0.67869959;0.01383176
0.87459333;0.67898201;0.01381485
0.87476361;0.6792638;0.01379798
0.8749335;0.67954496;0.01378114
0.875103;0.67982547;0.01376435
0.87527212;0.68010535;0.01374759
0.87544086;0.6803846;0.01373086
0.87560923;0.68066319;0.01371418
0.87577721;0.68094117;0.01369754
0.8759448;0.68121852;0.01368093
0.87611202;0.68149525;0.01366436
0.87627885;0.68177135;0.01364783
0.87644531;0.68204684;0.01363133
0.87661141;0.68232169;0.01361487
0.87677714;0.68259592;0.01359845
0.87694248;0.68286955;0.01358206
0.87710745;0.68314256;0.01356572
0.87727205;0.68341497;0.01354941
0.87743628;0.68368677;0.01353313
0.87760015;0.68395795;0.01351689
0.87776366;0.68422853;0.01350069
0.87792679;0.68449851;0.01348452
0.87808956;0.68476789;0.01346839
0.87825196;0.68503667;0.0134523
0.87841401;0.68530485;0.01343624
0.87857569;0.68557244;0.01342022
0.87873702;0.68583943;0.01340423
0.87889799;0.68610583;0.01338828
0.8790586;0.68637164;0.01337236
0.87921886;0.68663687;0.01335648
0.87937876;0.68690151;0.01334063
0.87953831;0.68716557;0.01332482
0.87969751;0.68742904;0.01330904
0.87985636;0.68769193;0.0132933
0.88001486;0.68795425;0.0132776
0.88017301;0.68821599;0.01326192
0.88033082;0.68847716;0.01324628
0.88048827;0.68873776;0.01323068
0.88064539;0.68899778;0.01321511
0.88080216;0.68925724;0.01319957
0.88095859;0.68951612;0.01318407
0.88111468;0.68977445;0.0131686
0.88127044;0.6900322;0.01315317
0.88142585;0.6902894;0.01313777
0.88158092;0.69054605;0.0131224
0.88173566;0.69080213;0.01310707
0.88189006;0.69105766;0.01309177
0.88204414;0.69131262;0.0130765
0.88219789;0.69156703;0.01306126
0.8823513;0.6918209;0.01304606
0.88250438;0.69207422;0.01303089
0.88265713;0.692327;0.01301576
0.88280955;0.69257923;0.01300065
0.88296165;0.69283091;0.01298558
0.88311342;0.69308204;0.01297054
0.88326486;0.69333264;0.01295553
0.88341597;0.69358271;0.01294056
0.88356676;0.69383225;0.01292562
0.88371722;0.69408124;0.01291071
0.88386738;0.69432971;0.01289583
0.88401722;0.69457763;0.01288098
0.88416673;0.69482502;0.01286617
0.88431591;0.6950719;0.01285139
0.88446477;0.69531825;0.01283664
0.88461332;0.69556408;0.01282192
0.88476155;0.69580939;0.01280723
0.88490949;0.69605416;0.01279257
0.8850571;0.69629842;0.01277794
0.88520439;0.69654217;0.01276335
0.88535136;0.6967854;0.01274878
0.88549803;0.69702812;0.01273425
0.88564439;0.69727033;0.01271974
0.88579044;0.69751202;0.01270527
0.8859362;0.69775319;0.01269083
0.88608163;0.69799387;0.01267642
0.88622675;0.69823404;0.01266204
0.88637157;0.69847371;0.01264768
0.88651609;0.69871288;0.01263336
0.88666031;0.69895154;0.01261907
0.88680424;0.69918969;0.01260481
0.88694785;0.69942735;0.01259058
0.88709116;0.69966452;0.01257638
0.88723418;0.6999012;0.01256221
0.88737689;0.70013738;0.01254806
0.88751931;0.70037307;0.01253395
0.88766145;0.70060825;0.01251987
0.88780328;0.70084296;0.01250581
0.88794481;0.70107718;0.01249179
0.88808605;0.70131091;0.01247779
0.88822699;0.70154417;0.01246382
0.88836765;0.70177693;0.01244989
0.88850803;0.70200921;0.01243598
0.88864811;0.70224101;0.0124221
0.88878789;0.70247233;0.01240824
0.88892739;0.70270319;0.01239442
0.8890666;0.70293356;0.01238063
0.88920552;0.70316346;0.01236686
0.88934417;0.70339289;0.01235312
0.88948252;0.70362184;0.01233941
0.88962059;0.70385033;0.01232573
0.88975838;0.70407835;0.01231208
0.88989588;0.7043059;0.01229845
0.89003309;0.70453299;0.01228485
0.89017004;0.70475962;0.01227128
0.8903067;0.70498577;0.01225774
0.89044308;0.70521148;0.01224422
0.89057918;0.70543672;0.01223074
0.89071501;0.70566151;0.01221728
0.89085056;0.70588583;0.01220385
0.89098583;0.7061097;0.01219044
0.89112084;0.70633311;0.01217706
0.89125557;0.70655607;0.01216371
0.89139002;0.70677859;0.01215039
0.8915242;0.70700065;0.01213709
0.89165811;0.70722227;0.01212382
0.89179175;0.70744343;0.01211058
0.89192512;0.70766415;0.01209736
0.89205822;0.70788442;0.01208417
0.89219106;0.70810426;0.012071
0.89232363;0.70832365;0.01205787
0.89245593;0.7085426;0.01204476
0.89258796;0.70876111;0.01203167
0.89271973;0.70897918;0.01201861
0.89285124;0.70919682;0.01200558
0.89298248;0.70941402;0.01199258
0.89311347;0.70963079;0.0119796
0.89324418;0.70984712;0.01196664
0.89337464;0.71006303;0.01195371
0.89350483;0.7102785;0.01194081
0.89363477;0.71049354;0.01192793
0.89376446;0.71070816;0.01191508
0.89389388;0.71092235;0.01190226
0.89402305;0.71113612;0.01188946
0.89415196;0.71134946;0.01187668
0.89428061;0.71156238;0.01186393
0.89440902;0.71177487;0.01185121
0.89453716;0.71198695;0.01183851
0.89466506;0.71219861;0.01182583
0.89479271;0.71240985;0.01181318
0.8949201;0.71262067;0.01180056
0.89504724;0.71283108;0.01178796
0.89517413;0.71304108;0.01177539
0.89530077;0.71325066;0.01176284
0.89542717;0.71345983;0.01175031
0.89555332;0.71366859;0.01173781
0.89567922;0.71387693;0.01172533
0.89580488;0.71408488;0.01171288
0.89593029;0.71429242;0.01170045
0.89605545;0.71449955;0.01168805
0.89618037;0.71470627;0.01167567
0.89630506;0.71491259;0.01166332
0.89642951;0.7151185;0.01165099
0.89655371;0.71532402;0.01163868
0.89667766;0.71552915;0.0116264
0.89680138;0.71573387;0.01161414
0.89692485;0.71593819;0.0116019
0.8970481;0.71614211;0.01158969
0.89717112;0.71634563;0.0115775
0.8972939;0.71654876;0.01156534
0.89741643;0.7167515;0.0115532
0.89753873;0.71695386;0.01154108
0.89766079;0.71715582;0.01152898
0.89778262;0.71735738;0.01151691
0.89790422;0.71755855;0.01150486
0.89802558;0.71775935;0.01149284
0.8981467;0.71795976;0.01148084
0.89826759;0.71815979;0.01146886
0.89838824;0.71835944;0.01145691
0.89850868;0.7185587;0.01144497
0.89862888;0.71875756;0.01143306
0.89874885;0.71895606;0.01142118
0.89886858;0.71915419;0.01140931
0.89898808;0.71935193;0.01139747
0.89910735;0.7195493;0.01138565
0.8992264;0.7197463;0.01137386
0.89934523;0.71994291;0.01136208
0.89946383;0.72013914;0.01135033
0.8995822;0.72033502;0.0113386
0.89970035;0.72053052;0.0113269
0.89981827;0.72072565;0.01131521
0.89993596;0.72092041;0.01130355
0.90005344;0.72111479;0.01129191
