-0.03141751316394849;0.012114115506539187;0.5498930165615975
-0.051968799228046696;0.024594487465709868;0.5999709025594574
-0.07281609887204013;0.029964086146686157;0.6443643792676568
-0.0931420542508349;0.026505144933793853;0.679782048889044
-0.11064158921955053;0.015409548890911695;0.6996397607106344
-0.12535089425374096;-0.00045587177285238165;0.7026151308246336
-0.13739671416585938;-0.01955653569773769;0.6940557111518181
-0.14568291453803292;-0.04107534054077763;0.691879712447093
-0.1522004619038043;-0.06354518158567718;0.6863969494187065
-0.15764799425970374;-0.08748277977957217;0.6769775161335708
-0.1621083526449604;-0.11152567507576922;0.6623909383136684
-0.16602840701330934;-0.13476141025124683;0.6378321597265114
-0.16968005173150486;-0.15744682031300705;0.6014582739970643
-0.17304747261577996;-0.17822956015884434;0.555600945820341
-0.17644605612957237;-0.19783495846464152;0.4995249558409995
-0.1801941871217807;-0.21690343718479388;0.431225275486876
-0.18426829344114315;-0.23446329698107998;0.3548500047480434
-0.18894624857082218;-0.25128255780791603;0.26863504276661593
-0.19454968854663865;-0.26807707476588705;0.16957331644200907
-0.19870893619936741;-0.29395467664062214;0.09313302031890924
-0.19776966645730226;-0.33960244333652295;0.08637872042419739
-0.19809372046383583;-0.3888949142942089;0.09225566976872576
-0.19572944194618266;-0.4350678843110118;0.09476613125370179
-0.1853389996552479;-0.4758814244519793;0.09692782569046818
-0.17065932537261602;-0.5152077680053284;0.09272337253539098
-0.14636873183722754;-0.5428272381782724;0.09211744642534488
-0.12440461995972332;-0.569757510402773;0.08992988714159338
-0.10400655652366794;-0.5968718867648595;0.08410671871848993
-0.08566485213518261;-0.6218868016966937;0.07566317103959293
-0.06626971274035034;-0.631833233630833;0.08255007585823512
-0.04587702682180438;-0.641182490770417;0.08131438881387858
-0.025806684288585263;-0.6492189194587877;0.07272844243930796
-0.005929137577121781;-0.6569099991640731;0.05964161878434278
0.009299467038531527;-0.6536841775003159;0.062453505152311795
0.023317239691901998;-0.6488030108421348;0.05873830664067731
0.03755387005968405;-0.642708879914617;0.0514326720392711
0.05538415927447758;-0.6357573093846588;0.050412860425467075
0.07393107034270012;-0.6286736778670741;0.04593803529777431
0.09359169504137207;-0.6214504057160184;0.03791168445233534
0.11414041928842021;-0.6147666649736635;0.02641270710162511
0.12569226520181923;-0.6111631815491826;0.01713130546808781
0.13128045634529914;-0.6068884958728865;0.018073492867160718
0.13592259474955073;-0.6027234025498049;0.019316346857012695
0.1364418312919497;-0.6014649335150017;0.021554027506167583
0.13689231160542617;-0.6003142161023551;0.023274995325382762
0.13728103249650223;-0.5993227251461122;0.024607464241139798
0.13758919407701656;-0.5985409329860093;0.025573801454779013
0.1378312312571459;-0.597919796798645;0.0262919117058138
0.13802242233851206;-0.5974321116910488;0.026824665629316832
0.13815766302863086;-0.5970913255750417;0.02717834664062451
0.1382437778927551;-0.5968675568361539;0.02739596503920152
0.13828864196290372;-0.5967530109018665;0.027492650354352985
0.13829108858898334;-0.5967508577157368;0.02746938438061957
0.1382484717072513;-0.5968552770361996;0.02732919321180626
0.13815966676577626;-0.5970815861536883;0.027052521985997342
0.13802609376945135;-0.5974260838895948;0.02663711820383391
0.13783653271984464;-0.5979052604925298;0.026048184859595567
0.13758029545002098;-0.5985584481143872;0.025215928371961793
0.13726551874627094;-0.5993645267197515;0.024129183811689374
0.13687643299707797;-0.6003527845857567;0.022685882346130313
0.13640020241752446;-0.6015668615587336;0.020709391627083074
0.13587250130366998;-0.6029148455552457;0.018164956843727452
0.13530378343820917;-0.6043621245673105;0.014811147231603601
0.1347401358260509;-0.6057992125561164;0.010262430208755127
0.13433112586112467;-0.6068424237730617;0.004525924920182438
0.1342756711417244;-0.606966488071138;0.0001917646428290995
0.1343701694422577;-0.6067635196726142;0.0016719705215732378
0.13366578783199068;-0.6089717971546866;0.005932464572151238
0.13268457882752455;-0.6123795309495051;0.004351003256280142
0.13140871117562192;-0.6167208420559254;-0.00028042022673482186
0.13037541518261966;-0.6198811597151646;-0.00031433706415686866
0.1295651016738708;-0.6225500676182943;-0.0002053582197999622
0.12895326704821114;-0.6246278358019918;-8.815772712122277e-06
0.12894243196832011;-0.624854432099003;0.000716563504104064
0.12904198533161748;-0.6245377696885563;0.0005422065383187472
0.129510849670683;-0.6230090424425305;0.00023895228766878523
0.13023999984278395;-0.6206258732863256;-0.00010525407351301072
0.13116299221960742;-0.617677773115774;-0.00045846184560593625
0.13234878425338162;-0.6140437016101394;-0.0007979822133149309
0.1338382322443329;-0.6096277216739086;-0.0009495519742666741
0.1355806886090033;-0.6043539405589351;-0.0005640950737431198
0.13662780103710978;-0.6006565106560378;-0.0002607096670234968
0.13801595065751696;-0.5967275315488862;-0.00042034479085423584
0.13960244728765156;-0.5924443104721726;-0.0005693605230692733
0.14140414450922642;-0.58779755020241;-0.0007184307953230704
0.14336863956459386;-0.5829788578138737;-0.000854360862209292
0.14563107085727373;-0.5776250338733054;-0.0009873983528338147
0.14837445774548483;-0.571343120089761;-0.0010014661602313797
0.15140947651850686;-0.5646612236512373;-0.0010020434068355073
0.15477717812648747;-0.5576347189613972;-0.0010016953373573091
0.1585947795256472;-0.5501503911852875;-0.0010019535253440147
0.16264023689749132;-0.5427080045543047;-0.0010008871870001192
0.167080011287573;-0.534919841545478;-0.0010010197469627162
0.1721567511229422;-0.5263909435742511;-0.0010014243429002194
0.17759836359763667;-0.5176593806510932;-0.0010019704301347937
0.18353456087831077;-0.5086661569033749;-0.0010015941625928573
0.19021630904077638;-0.49923157255991163;-0.0010019340327370521
0.1972400011532714;-0.4900018934388799;-0.001000992351222054
0.20478139892625835;-0.4806655172732397;-0.001001061540670048
0.21318540531808214;-0.4707885164849437;-0.0010013979265186095
0.22199617391089163;-0.4609622013376728;-0.0010019010508815797
0.2313288379249004;-0.4511692284602612;-0.0010014311756757106
0.24133574149760606;-0.44132833156413404;-0.0010017412711675402
0.25154344474776424;-0.43186213544084706;-0.0010021960141596703
0.26223319391161365;-0.4223977563761739;-0.001001013511728089
0.27375609230748;-0.4125439710674126;-0.0010017513069478026
0.2852559691668017;-0.402968874110354;-0.0010018992299624524
0.29689394126000385;-0.39349764018447525;-0.001001235499712247
0.30907410197165747;-0.383789584210048;-0.0010013838178285946
0.3212182540651372;-0.37423564320690184;-0.0010017462430669984
0.3336801006801381;-0.3644442130212096;-0.0010008866934936196
0.3467669143519831;-0.35402662066789214;-0.0010011401865779972
0.35950435239206335;-0.34368020241827624;-0.0010016092435691723
0.3721315759328359;-0.3332152580480131;-0.001001433589179191
0.38502807131113254;-0.3222974688972336;-0.0010013619150774644
0.3974297037337432;-0.3115596572418868;-0.00100154189133057
0.4097124450006006;-0.30068724066764646;-0.0010018458572145054
0.42222585218832065;-0.2893557447478963;-0.001001444231169768
0.43425667845027244;-0.2782117425164611;-0.001001707758569604
0.44615737108298303;-0.26694409384765583;-0.0010014593796663154
0.4582820897179467;-0.25519321228772446;-0.0010012950436840383
0.46991127655605264;-0.24364017850659753;-0.0010013992513030062
0.48140060553617225;-0.23194461693246496;-0.0010016652423504926
0.4930818305168124;-0.21975520700332152;-0.0010017875491650646
0.5042631491538269;-0.2077888903895844;-0.0010018386698331036
0.5152979572613836;-0.19568826410662307;-0.0010014127306435978
0.5265029567523358;-0.18307621614219802;-0.0010012543660067874
0.5372119488733844;-0.1706830834776014;-0.0010013005734978708
0.5477542790480394;-0.15814326410164428;-0.001001521104235209
0.5584379505493071;-0.14507457014317823;-0.0010019008571068404
0.5686451825297364;-0.13228904296329652;-0.001001260762860657
0.5786744487124693;-0.11935670412240854;-0.0010013992344698082
0.588787982452794;-0.10587207022990587;-0.0010012407091655323
0.5984050469461841;-0.09263187315887779;-0.001001242601105068
0.6078234487391667;-0.0792453196202713;-0.001001388988198345
0.6173167454975866;-0.06530385766996333;-0.0010017585814934317
0.6263283504664221;-0.05165439833887729;-0.0010014874302140334
0.635149382710166;-0.03789361552917738;-0.0010015125105128295
0.6439734234066572;-0.02354835767926989;-0.0010012546919472252
0.6523003936089271;-0.009479870835238428;-0.001001223195421161
0.6603920379871187;0.004729321449237966;-0.0010013264367048254
0.6684797504536816;0.019511101165342427;-0.0010016421808427232
0.6760785468750773;0.03397472443481091;-0.0010012938419481573
0.6834406616300878;0.0485705393702716;-0.0010017574707427875
0.6907020276514396;0.06353257078527434;-0.0010010144032614014
0.6976895204022479;0.07820336774290956;-0.0010009231892112308
0.7047353470558289;0.09310470402705698;-0.0010014708140818548
0.7119648344887588;0.10847385042867815;-0.0010017079474991149
0.7189460760061895;0.12338821438146434;-0.0010013697385688747
0.7259086178947011;0.13832758498330508;-0.0010019031300184354
0.7330471004281714;0.15372781659420995;-0.0010017395300310622
0.7399438207654824;0.1686930508339041;-0.0010014567083927103
0.7468090650243387;0.1836758025225152;-0.001001459900736485
0.7538492260098906;0.19913018206700428;-0.0010016606678770468
0.7606443106309763;0.2141320227734883;-0.001001305358996632
0.7674142293763652;0.22915285585399797;-0.0010018167777396773
0.7743529944482784;0.24464309698278153;-0.0010013812686003737
0.7810519416480561;0.2596963401438112;-0.0010014992682050687
0.7877149757430713;0.27476698490412615;-0.001001449125990237
0.7945428580132284;0.2903134590586544;-0.001001601895076986
0.8011296427805782;0.3054102692310735;-0.0010015076850804008
0.8076839811149789;0.3205199465969043;-0.001001732466666863
0.8143976037354203;0.336104259264923;-0.0010016149253352404
0.8208724031961062;0.3512495498020319;-0.0010015188236485902
0.8273079960236102;0.36641544237152945;-0.0010014514332197001
0.8338970213058231;0.3820614011837471;-0.0010015581394479424
0.8402490955691357;0.39726006312906603;-0.0010017773697813155
0.846561248327113;0.41246582852858954;-0.0010017536378543988
0.8530248441256475;0.42815884331396153;-0.0010019202610725697
0.8592491354551963;0.44340233890349284;-0.0010017082846294073
0.8654300414107904;0.45866987571093965;-0.001001464489830628
0.8717517005879223;0.4744221679113464;-0.0010015267513358225
0.8778403692628729;0.4897279593684518;-0.0010018154131059762
0.88388186392834;0.5050369881560531;-0.0010016253900030844
0.8900638821274695;0.5208416673722874;-0.0010017961834987085
0.8960082825383946;0.5361920019844468;-0.001001448035403623
0.9019046246680488;0.5515693570794329;-0.0010014938741103735
0.9079268212295536;0.5674346011892849;-0.0010015085099676115
0.9137199864820698;0.5828526248479233;-0.001001753353076059
0.9194588222341316;0.5982722558126794;-0.0010013444025179855
0.9253244098634414;0.61419431847415;-0.0010017042214203256
0.930957385000297;0.6296615124506083;-0.0010015295410204864
0.9365338020947128;0.6451521016223635;-0.0010015392841370603
0.9422206143043106;0.6611363475863286;-0.0010015055322346172
0.9476824082180527;0.6766716613101896;-0.0010016913694487484
0.9530829029379776;0.6922084573398125;-0.0010011417014362568
0.9585935698978791;0.7082520859643071;-0.001001639817517351
0.9638779182252718;0.7238443995227725;-0.001001885101528821
0.9690959508145873;0.7394514716949075;-0.0010016835500872498
0.9744070859138689;0.7555594781007027;-0.0010015144309504856
0.9794974948768301;0.7712164582683045;-0.0010016471698083562
0.9845197257649068;0.7868759831353875;-0.0010011182180468294
0.9896324537279481;0.8030441065721378;-0.0010015742109780422
0.9945246645904394;0.8187617527325496;-0.0010017474140131752
0.9993422307811579;0.8344920412887494;-0.0010014327988710561
1.00423313641043;0.8507289618916529;-0.0010015438723676058
1.0089074968695526;0.8665105777848768;-0.001001622677536014
1.0135064363547677;0.8822963639961104;-0.0010010811615927956
1.0181732441008011;0.8985898982629738;-0.001001492927065896
1.0226252608228243;0.9144339895538576;-0.0010016611305984392
1.0253278891124722;0.9253967598507663;-0.0006780320508720933
1.0246661060809459;0.9258982686548971;-0.0007601688657916383
1.0241445379628538;0.9260923042295381;-0.0008809414365350682
1.0239743386009992;0.9262382030594644;-0.0009652716778685289
1.0240272655559957;0.9263832106671323;-0.0010012227566472721
1.0239968570069977;0.9264265986669713;-0.0010013122096319202
1.0239958217500658;0.9264279965242702;-0.001001448326937427
1.0240036716221248;0.9264301857144422;-0.0009999259035462192
1.0240020353565638;0.9264287722106022;-0.0010005111125224349
1.0239962334581942;0.9264331948932785;-0.001000332705980874
1.0239981933736246;0.9264332135500813;-0.0010007840151806877
1.0240001219378814;0.9264331647761825;-0.001000509050982576
1.0239980335089942;0.9264312094839753;-0.0010011099976941322
1.0240055135696808;0.9264290857565074;-0.0010000143492449737
1.0240059050305677;0.9264272194398459;-0.0010005630920918128
1.0239988815655041;0.9264328310003748;-0.0010004010782970751
1.0239985120382216;0.9264338233398176;-0.001000552552637004
1.0240018872828656;0.9264338148751854;-0.0010007346011740928
1.0240005660030072;0.9264328802770198;-0.0010006891880971272
1.0240057028635228;0.9264275900302801;-0.0010004570025258334
1.0240128365563572;0.9264257995723749;-0.001000234326919397
1.02400548753348;0.9264305869629689;-0.0010003377465012536
1.0240025410398945;0.9264326705762234;-0.0010004190327185733
1.0240048419296355;0.9264340207186862;-0.0010002726967567668
1.024005095790337;0.9264315850975597;-0.0010007148273731767
1.0240088235914793;0.926425487322591;-0.0010014031904557325
1.0240229456322745;0.9264190713327399;-0.001000786276507109
1.024015630010992;0.9264257090862985;-0.0010002852355407432
1.024010106693578;0.9264296235861664;-0.0010001973299530453
1.0240100614525;0.9264320698508937;-0.0010002027236105174
1.0240116544223312;0.9264303096767514;-0.0010004756154073577
1.0240148365136408;0.9264242412126311;-0.001001352914705149
1.0240276588601323;0.9264167778776881;-0.001000838437844643
1.0240265600707648;0.9264194826148804;-0.0010002197678927044
1.0240166414309215;0.9264262613728239;-0.0010000735387056224
1.0240139078763908;0.926430141517796;-0.001000293050090792
1.024014916623721;0.926429832562433;-0.0010003265481252355
1.024019485082067;0.9264237321450363;-0.001001279490149505
1.0240250940871523;0.9264158744009635;-0.0010018380494391035
1.024019578964368;0.9264229294750504;-0.0010001405629489757
1.024017357644739;0.926425254330636;-0.0010000770212667577
1.024015953121843;0.9264270419734469;-0.0010000040403210474
1.024016242745553;0.9264276255377314;-0.0010002546004425836
1.0240193126211226;0.9264272758817222;-0.0010004177555090407
1.0240289578241146;0.9264167073074017;-0.0010015537892542961
1.024032985881303;0.9264130913815357;-0.0010002801881644693
1.024012164565049;0.9264266486177101;-0.0010001156115611969
1.0240065294947813;0.9264304969412132;-0.0010000662368679046
1.024006770629819;0.9264312323125603;-0.001000145579600993
1.0240087734414232;0.9264317756049997;-0.0010003638988976132
1.0240130672433558;0.9264260918285488;-0.001001220781561233
1.0240218010100468;0.9264193599074091;-0.0010012550802386729
1.0240115983043183;0.926427484542468;-0.0009999883000092642
1.024005013234055;0.9264311473498104;-0.0010000850501688738
1.0240040195318643;0.9264335342647724;-0.001000140213442094
1.0240038727502394;0.9264335255976411;-0.0010004008974464212
1.024004730483752;0.9264307749955534;-0.0010010508035428536
1.0240129038678927;0.9264245868652116;-0.001001294241379333
1.024007027581125;0.9264260622137286;-0.001001123316300579
1.024003721658984;0.9264322589920982;-0.0009999959445414416
1.0240023621438565;0.9264329593172382;-0.0010002635370072385
1.0240018021122659;0.9264336288133466;-0.0010003467660385235
1.0239983128111532;0.9264301943306663;-0.0010013746619990244
1.0240018999714615;0.9264315672998914;-0.0010010275276959683
1.0240010904422179;0.9264319901927187;-0.0010008836671683424
1.0239984275834644;0.9264350105801528;-0.0009999733097514167
1.0240012270286143;0.9264348178415738;-0.0009998713145260192
1.0239998683646363;0.9264343247886657;-0.001000354146813029
1.023995120904643;0.9264370881130302;-0.0010003586636006152
1.0239962064403418;0.9264364532792543;-0.001000651945243989
1.02399886381406;0.9264363288642719;-0.001000807361396891
1.0239970282085042;0.9264355115840457;-0.0010009663252861511
1.0240037928963448;0.9264326225772305;-0.0010000060237036652
1.0240058615686674;0.9264302585859372;-0.0010005877357023366
1.0239983976778102;0.9264357748756338;-0.0010003551788090696
1.0239968749246335;0.9264381071311203;-0.001000520751343454
1.023999673045121;0.9264381921146846;-0.0010004834090175246
1.0239985693183846;0.9264360126628233;-0.0010008563804669614
1.024002343034933;0.9264295471611969;-0.001001556294486658
1.0240127560287762;0.9264279377596146;-0.0010003519587123873
1.024005735852362;0.9264332856055594;-0.0010003819922451453
1.02400200143739;0.9264354146249852;-0.0010005408526410735
1.0240040178955059;0.9264368615555457;-0.0010003714066602644
1.0240044982583554;0.9264346954588024;-0.0010007640188224032
1.0240067070518046;0.9264296964912426;-0.0010013046520308613
1.0240198909881086;0.9264242885630815;-0.0010007391352725471
1.0240141570680985;0.9264279663938363;-0.0010003282684432901
1.0240082240393749;0.9264325850117179;-0.0010003923370113244
1.024009191065548;0.9264352272373471;-0.001000141449287846
1.0240105360693494;0.9264331927022462;-0.001000591135256218
1.0240112191605901;0.9264281992867949;-0.001001490279899802
1.0240259169137318;0.9264225219818096;-0.0010005328231936401
1.0240238317325683;0.9264204107371328;-0.0010006762688144558
1.0240156542013759;0.9264296048158849;-0.00100031460957491
1.0240150695667616;0.9264325810936647;-0.0010003629564727633
1.0240168485566972;0.9264312204082173;-0.0010006761090245592
1.024017014593028;0.9264268472985607;-0.001001320172733404
1.0240272630558083;0.926419077116357;-0.0010008097915240807
1.0240356792229854;0.9264161565270485;-0.0010008618560221408
1.024024950385761;0.9264251521073118;-0.00100031387240122
1.024022798386022;0.926428844058263;-0.0010001130427443085
1.0240240192833046;0.9264287337111826;-0.0010004173856561806
1.0240248562985625;0.9264251673386033;-0.00100111057766087
1.0240313673978474;0.9264169952563093;-0.0010017264954806405
1.02404752273693;0.9264109160794158;-0.0010008624725977681
1.0240365432572625;0.9264194081404925;-0.0010004038938033755
1.024032477927512;0.9264241506782637;-0.0010000163245593857
1.0240324837469819;0.926425686003142;-0.0010001310947468575
1.0240341361087906;0.9264223987660385;-0.001000971638406952
1.0240382338048364;0.9264157918875153;-0.0010014974210678929
1.0240538616764747;0.9264087714517953;-0.001000750266295987
1.0240433899509964;0.9264159165166892;-0.0010002893183670564
1.0240369770926547;0.926420684408282;-0.0010000573782981033
1.024036388409478;0.926421303998752;-0.001000123917033375
1.024038440342599;0.926421256771727;-0.0010006541006946194
1.024042861522215;0.9264153278322416;-0.0010013449338024255
1.0240470325077369;0.9264091534922774;-0.001000985937576266
1.0240440757482565;0.9264147575384287;-0.0010002378604235737
1.0240334677199807;0.926422276372246;-0.0010000489478405143
1.024030575877444;0.9264259329636568;-0.0009999774399733277
1.0240318076781283;0.9264254098965752;-0.0010004610491063
1.02403630632257;0.9264193532008512;-0.0010013538450200851
1.0240409516367777;0.9264117310579815;-0.0010018864510079398
1.0240392981885724;0.9264172290505263;-0.0010001723106748649
1.0240284115821423;0.9264240320386603;-0.001000117969561655
1.0240240168068497;0.9264272632292003;-0.0009999897593622742
1.0240244760367445;0.9264277302089572;-0.0010003338592964733
1.0240281813426224;0.9264257458407466;-0.0010008352823173763
1.0240364473322319;0.9264160268485063;-0.0010016533498492831
1.0240323840868506;0.9264144173889951;-0.0010005536910574694
1.0240254804339812;0.9264251469436214;-0.0010000246302896074
1.02402368087903;0.9264271024411115;-0.0009999919271399295
1.024023724611343;0.9264274295414499;-0.0010000570323263798
1.02402661993566;0.9264275071437272;-0.0010004036023870122
1.024034564936439;0.9264183047723004;-0.0010016428417193232
1.02404017793;0.9264116156193375;-0.0010007497938491934
1.0240232057499261;0.9264248299744259;-0.0010001750431237015
1.0240166441232692;0.9264300159664001;-0.000999998199994443
1.0240162585532007;0.9264304908336656;-0.0010000545624337144
1.0240186191409764;0.9264308427888425;-0.0010004954413744271
1.0240252445206095;0.9264240237195313;-0.0010013966830304324
1.0240361322193647;0.9264148554107178;-0.0010015295161098572
1.0240201697577356;0.9264251178340148;-0.0010002843627255412
1.0240117787134158;0.9264312705638825;-0.001000055577159955
1.024010232753591;0.9264326360566084;-0.001000107850013119
1.0240120301813311;0.9264338388116257;-0.001000337424522147
1.0240152001924645;0.9264313772790889;-0.0010007703190335615
1.024027309402642;0.9264206044097233;-0.0010012592337369092
1.0240222889190975;0.92642436659714;-0.0010002348027767227
1.024011840675358;0.9264306850036407;-0.001000260184545368
1.0240090452081427;0.9264346314049954;-0.0010001186068752735
1.0240084069022668;0.9264357912601577;-0.0010001427649111855
1.024009746664483;0.9264347513579313;-0.0010004656020530314
1.024017781366503;0.9264252773811303;-0.0010010837541481639
1.02401988894273;0.9264232926321434;-0.0010011524647205033
1.024011762713306;0.9264314008050153;-0.0009998461822453425
1.0240076764723451;0.926434409630825;-0.0010002904502880543
1.0240070713489944;0.9264357955478457;-0.0010001461659186923
1.024007101561965;0.9264347244691977;-0.001000770164539224
1.0240106965551183;0.9264292406405121;-0.0010010270641337103
1.0240169858234451;0.9264262097582365;-0.0010010196423305175
1.024010243418047;0.9264321435606667;-0.000999925017831197
1.0240066772472631;0.926434291229854;-0.0010001271792485535
1.024006008770122;0.9264354257950814;-0.0010001868021652788
1.024005067972734;0.9264356263225749;-0.0010003954789485694
1.0240051409251198;0.9264317687693481;-0.0010009659619744475
1.0240127051746304;0.9264295682626251;-0.0010010991024010825
1.0240070601452265;0.9264304170394488;-0.001001033852827616
1.0240054960571563;0.9264348536956878;-0.0010000387845576983
1.0240047182927232;0.9264351443610451;-0.0010002755554047553
1.0240036642032906;0.9264358666173341;-0.0010006292467316484
1.0240016190819246;0.9264362070782365;-0.001000755517751535
1.0240046391126163;0.9264342306018444;-0.0010010061200956995
1.0240020781476793;0.9264351069515656;-0.0010008155765167635
1.0240012495542534;0.9264381641928415;-0.0009998664133736256
1.0240010601505602;0.9264364391868535;-0.0010003790572245853
1.0240003797055064;0.9264372619615554;-0.0010006519348978067
1.02399607833788;0.9264404994082303;-0.001000552043439143
1.023998692359007;0.9264386145383302;-0.0010008040994885642
1.0240000169801604;0.9264386809418953;-0.0010006301126206998
1.0239976605549403;0.9264377743308652;-0.0010009170425273398
1.0240042666343285;0.9264369863331445;-0.00100000143241789
1.0240038793535218;0.9264354041204534;-0.0010004975339583527
1.0239976495037402;0.9264406142644482;-0.0010002103328233432
1.0239974547813744;0.9264408603092328;-0.0010006769181644982
1.02400060900075;0.9264407106900501;-0.0010005610767780879
1.0239992517696221;0.9264394445767801;-0.0010007049613846644
1.0240053985766353;0.9264333315173109;-0.0010005675952312297
1.0240138721177114;0.926431156023799;-0.0010003723969933993
1.0240052130733293;0.9264359267887953;-0.001000412305062457
1.0240026011916243;0.9264398445846739;-0.0010001265572703102
1.0240037690830852;0.9264409182672209;-0.0010001879661892255
1.0240052054807944;0.9264377124049575;-0.0010007313887626483
1.0240097215668638;0.9264309230949175;-0.001001519522360831
1.0240251180856637;0.9264238699216268;-0.0010007928090196155
1.0240153088887378;0.9264309559138282;-0.0010002732994245957
1.0240083119468604;0.9264363461365063;-0.0010000034520304645
1.024007551788495;0.9264369375684149;-0.00100003373074797
1.0240095539526335;0.9264373731674569;-0.0010004427700914323
1.0240179191744647;0.9264296680590316;-0.001001441687351702
1.0240253236374164;0.9264205939382447;-0.0010019760454859118
1.0240125888381273;0.9264311828553689;-0.001000159534433994
1.0240001112690622;0.9264387873715083;-0.0010000525649106196
1.0239978555401807;0.9264405319028441;-0.0010000920893069587
1.0239995390426233;0.9264416561239185;-0.0010003758558230248
1.0240015238255673;0.9264411834786944;-0.0010003921078865809
1.0240114462936187;0.9264312298583868;-0.001001192475060201
1.0240092846314697;0.9264302634315382;-0.0010011228189605002
1.0240017030079827;0.9264380922821975;-0.0009998293847327498
1.0239982908776337;0.9264417039531607;-0.0010000320135050075
1.0239977002125178;0.9264427819314397;-0.001000436016792415
1.0239987698520217;0.9264409043256486;-0.001000581886969082
1.0240054981669224;0.9264330943081021;-0.0010010493318372664
1.0240099285286737;0.9264305082433079;-0.001001137154073746
1.0240017100331664;0.9264383160745449;-0.0009998788741764006
1.0239971851550687;0.9264412935712786;-0.001000124690506008
1.0239965741926833;0.9264430191147472;-0.0010004054552412399
1.0239968030918343;0.9264422526021061;-0.0010007255641693129
1.0240004916566299;0.9264359924894523;-0.0010015194508508768
1.0240082600028837;0.9264318467128259;-0.0010012326129761155
1.0240008416647146;0.926438835816948;-0.0009998989228943121
1.023995907220819;0.9264416714211164;-0.0010000189954490375
1.023994819457043;0.9264434783237242;-0.0010001608108177462
1.0239947731337486;0.9264433674961929;-0.0010006383176088124
1.0239959675628836;0.9264408725752618;-0.0010007312576672187
1.0240025427957204;0.9264353259303938;-0.001001084782433742
1.0239956584420722;0.9264373876130513;-0.0010003750310382115
1.0239912139001361;0.926443297817603;-0.0010000006586487996
1.0239898624030797;0.9264452300151502;-0.0010000704657063576
1.0239895755665342;0.9264455239298429;-0.0010005554717009632
1.0239893658918353;0.926443327136448;-0.0010005872974544472
1.0239981015993846;0.9264367373776823;-0.0010012591280126049
1.0239943319256994;0.9264372705771792;-0.0010010556268276634
1.023989439505251;0.9264443455481495;-0.0010000483317474489
1.0239871612926157;0.9264459031947996;-0.001000085025147271
1.0239866861123494;0.926446675946258;-0.0010001974209320856
1.0239854978104186;0.9264445019991197;-0.00100071130496273
1.0239902452436316;0.926441846816827;-0.0010009576547916378
1.0239909089486583;0.9264398733009177;-0.0010009479675036972
1.0239856964352658;0.9264464033964767;-0.0009997562891993043
1.0239827580917416;0.9264470836567359;-0.0010001870142846217
1.0239823102046792;0.9264481974057485;-0.0010004475244606605
1.0239809274337266;0.9264472904638898;-0.0010006425122703472
1.0239836523438752;0.9264441762897754;-0.0010010627633792665
1.0239886098318962;0.9264416443297178;-0.0010009954491149754
1.0239823290309522;0.9264452723300134;-0.0010001677832327978
1.023980429457885;0.9264480347464092;-0.001000153499864917
1.0239800094648963;0.9264491670731201;-0.0010001777952628535
1.0239787824433135;0.9264490053883552;-0.0010004743724248942
1.0239795134405651;0.9264477064510223;-0.0010007110105431129
1.0239851604442876;0.9264444755303268;-0.0010008700501942039
1.0239796130518282;0.9264451771892074;-0.001001115113736132
1.0239783294514593;0.9264497490712124;-0.000999973027592936
1.0239775602271897;0.9264499590632579;-0.0010002740324945025
1.023976900662768;0.92645073564647;-0.0010003474721543212
1.0239751327130986;0.9264493843328566;-0.0010007108371974903
1.0239803950310056;0.9264474379224664;-0.001000951501675399
1.023977606919073;0.9264479179031937;-0.0010008359238348093
1.0239762152900724;0.9264516955873576;-0.0009997558713487238
1.0239749588754323;0.9264512105158101;-0.0010003561347837475
1.02397436870039;0.9264521669801851;-0.0010004030013352344
1.0239702844913454;0.9264506693938602;-0.001000801134316616
1.0239743688157068;0.926450886034749;-0.001000853944956366
1.023975181178145;0.9264505507559919;-0.0010009828059297649
1.0239720745476628;0.9264520527567953;-0.001000138708204295
1.02397318799154;0.9264522219900825;-0.001000291532766609
1.0239728536252442;0.9264529451994225;-0.0010005863709084406
1.023967726840178;0.9264520069916946;-0.001001197893630422
1.023970279448018;0.9264537006564056;-0.0010008526283073575
1.023973531333988;0.9264529507846836;-0.0010007356938697386
1.0239703210769342;0.9264528764567546;-0.001000775672716888
1.023972596554035;0.9264531634148334;-0.001000235502930654
1.0239731836143924;0.9264528845141625;-0.0010004085251440406
1.023967919033432;0.9264522567117661;-0.0010010771471905683
1.0239684726680867;0.9264561686544316;-0.001000543044715696
1.0239728567456505;0.9264551469186841;-0.0010005544639609641
1.0239710361507013;0.9264548977137423;-0.0010005696280642323
1.0239733873512225;0.9264539746944284;-0.001000085575527998
1.0239748443706762;0.926451924225716;-0.0010004777099356064
1.0239704269802488;0.926451452997011;-0.0010010779236631212
1.0239683580208905;0.9264567685572711;-0.0010005518256078622
1.023972208311858;0.9264564389097271;-0.0010007391032401322
1.023971368331987;0.9264552691699455;-0.0010006729441893389
1.0239716684248041;0.9264510943080572;-0.0010012624234159648
1.0239803116650874;0.9264505782067726;-0.001000467543272994
1.02397611199347;0.9264491742738415;-0.0010009626619459054
1.0239713571435944;0.9264559172203511;-0.00100042761773508
1.0239732913832618;0.9264570011178508;-0.001000352521156652
1.0239747767578415;0.9264554601199488;-0.001000522578133229
1.023974555861317;0.9264512150507721;-0.0010014203779582648
1.0239866480250597;0.9264468895738807;-0.0010003370011677816
1.0239862687318912;0.9264449001615153;-0.0010008609710673265
1.0239782728209923;0.9264528973579056;-0.0010003173719918025
1.0239779016742396;0.9264554437514282;-0.0010003703457247513
1.023979847745977;0.9264542253869166;-0.0010006816049421795
1.0239801151254504;0.9264499849083441;-0.0010012848961931248
1.0239893004323448;0.9264410720917371;-0.0010018671317214393
1.024001781592383;0.9264377676957313;-0.0010009696758673386
1.0239902913916665;0.9264469865025682;-0.0010002490605667755
1.0239874484571692;0.9264510175283238;-0.0010000505290025663
1.0239876704883466;0.9264516612202602;-0.0010003096107743456
1.0239900797384964;0.9264475071512339;-0.0010010509203118682
1.0239955440763373;0.9264403540638295;-0.0010015953666082447
1.02399909930886;0.9264378618039083;-0.0010010050121202901
1.023988743110198;0.9264469861447575;-0.0010001624374566635
1.0239817093734103;0.9264526979412463;-0.0009999302691588614
1.0239799017902769;0.9264545302573554;-0.0009999786543864013
1.0239825249721868;0.9264538755698237;-0.0010000748428670436
1.0239903233097418;0.9264445582467059;-0.0010015492976051428
1.0239963286616545;0.9264360801254876;-0.0010019026955525832
1.0239897466508172;0.9264462591858893;-0.0010000188052053903
1.0239892357964824;0.9264482323112955;-0.000999999731134963
1.0239881293624975;0.926449129613;-0.0010000666027368162
1.0239900760882377;0.9264498001647317;-0.0010003873623267538
1.0239943159086553;0.9264444549071158;-0.0010011815759123112
1.024006545483561;0.9264354514687956;-0.0010013837219432116
1.0239997834065988;0.9264409135538952;-0.0010002235502851071
1.0239899904202556;0.9264464976483092;-0.0010001507687836982
1.0239889188470752;0.9264480355012097;-0.0010001588582994256
1.0239900151989483;0.9264498015768663;-0.0010002281697617452
1.0239914762913371;0.9264477838926394;-0.0010006737772771009
1.0239978286583844;0.9264404839049543;-0.001001255344293836
1.0239988971096123;0.9264395901262188;-0.001001205671380262
1.0239924830634808;0.9264477295512764;-0.0009997195677915703
1.0239893818694328;0.9264490677425397;-0.0010000978909250405
1.0239889345435802;0.9264499007744789;-0.0010002000165542126
1.0239869295516273;0.926448552159139;-0.0010008032784373615
1.0239891779993973;0.9264464407456664;-0.0010009857253799569
1.023994485949914;0.9264442460829327;-0.0010010228721411447
1.0239889759686098;0.9264455717279697;-0.0010009395460046054
1.0239890845885;0.9264484097874133;-0.0010001521055179492
1.023989528834134;0.9264480946148645;-0.0010003365342446668
1.0239856903293025;0.9264474043782316;-0.0010008864488098498
1.0239850166025712;0.9264495410574153;-0.0010007733325821458
1.0239902934489769;0.9264487485053403;-0.0010007099412409418
1.0239875567282386;0.9264484210922797;-0.001000767451490945
1.0239895292855317;0.9264479057219704;-0.0010001831911417014
1.0239938068620742;0.9264453836998888;-0.0010004454012674559
1.023989023671027;0.9264445761814526;-0.0010009990649301158
1.0239858631121486;0.9264508411650263;-0.0010004378853191963
1.0239887654681255;0.9264516659063862;-0.001000288451292547
1.023988829646988;0.9264497830790451;-0.001000863120752489
1.023988452032938;0.9264458406251698;-0.0010014411516074302
1.0239988957765567;0.9264440576383624;-0.0010001915010098006
1.0239953585505963;0.9264425740430466;-0.0010008221358041997
1.023989467339882;0.9264491670270792;-0.0010004248648691795
1.0239911312828838;0.926450687903485;-0.0010002316138245475
1.023992751380796;0.9264489977418233;-0.0010007714908067365
1.023991416616939;0.926445791587139;-0.0010013228799162256
1.0240018071509238;0.9264422625228255;-0.001000150880679656
1.0240035959102334;0.9264419099118844;-0.0010003473514143442
1.0239950232663835;0.926446189759244;-0.001000365050019058
1.023995039125604;0.9264486618381492;-0.001000481416581444
1.0239976184013984;0.9264476593725373;-0.00100052714564023
1.0239962768793034;0.9264446728987586;-0.0010011813398108915
1.0240037668236772;0.9264407985664296;-0.0010004550775368146
1.024009753247273;0.9264375308481538;-0.0010006766684342513
1.0240015513158434;0.9264431395458458;-0.0010003064953552701
1.0239996850438309;0.9264459500621691;-0.0010002954625606963
1.024002192247787;0.9264462848210037;-0.0010004558292184274
1.0240018869172993;0.9264437931120654;-0.0010007744255026603
1.0240057709286483;0.9264373681042825;-0.0010015956065537214
1.0240177047459615;0.9264349076109226;-0.0010003889800574844
1.0240107583261286;0.9264399614933078;-0.001000260363348611
1.0240066281358384;0.9264428697707994;-0.0010002332791479267
1.02400799308806;0.9264441835374139;-0.0010004970726647036
1.0240089761447568;0.9264419057809016;-0.0010006069416820494
1.024011426972095;0.9264365274108846;-0.0010013341288016807
1.0240269187520346;0.9264300210584492;-0.0010006416057963576
1.024021404376802;0.9264341601533371;-0.0010002739575910823
1.0240143459072324;0.9264390099035938;-0.0010004096569134827
1.0240145323428256;0.9264417382592982;-0.0010000649900337548
1.0240161369046556;0.9264395896624233;-0.0010007555994837256
1.0240171956635657;0.9264342987427379;-0.001001372266046987
1.0240322624083682;0.9264280447816918;-0.0010005782472261443
1.0240345027247935;0.9264249052812407;-0.0010003592543893075
1.0240253068329164;0.9264338123701342;-0.0010002499620216342
1.0240240482541552;0.9264374515255337;-0.000999984271690145
1.0240256036613615;0.9264363981963266;-0.0010003394678580989
1.0240269256711618;0.9264317232382052;-0.0010010415603602663
1.0240352351631403;0.9264227157813268;-0.0010018394229791422
1.0240489814259166;0.9264183432608707;-0.0010009564665690793
1.0240367966963493;0.9264284344649891;-0.0010003442700124501
1.0240341810633822;0.926430588568627;-0.0010000587269167298
1.0240346988623523;0.926431073505308;-0.001000273840801983
1.0240372115723282;0.9264288299672245;-0.001000818512318133
1.0240421067465995;0.9264211965759686;-0.0010016925777814115
1.0240503031731478;0.9264182180224542;-0.0010008755544434027
1.0240374353121253;0.9264278409492623;-0.0010001959170861732
1.024032011198091;0.9264322345042716;-0.0009999769712960259
1.024031702166376;0.9264323782795416;-0.000999978122237781
1.0240341249130154;0.9264318280103978;-0.0010007739100963212
1.0240401033115902;0.9264237270962747;-0.0010015167800691421
1.0240393380659962;0.9264194056832226;-0.0010011082969253668
1.0240311680967857;0.9264295173940782;-0.0010001770279774828
1.0240225672170278;0.926435282475993;-0.0010000644353049572
1.0240198181112687;0.9264386550972904;-0.000999983154101776
1.0240217170763228;0.9264381657369195;-0.0010000489413474131
1.0240271279397488;0.9264309227149932;-0.0010012714062323305
1.0240330546924032;0.926422560929246;-0.001001980786734042
1.0240297892093868;0.9264305700416949;-0.0010000680365341331
1.0240292343529456;0.926431962920931;-0.001000072814500784
1.0240280221027118;0.9264334657651476;-0.0010000413901789622
1.0240288935592379;0.9264341308947193;-0.0010003059435773724
1.0240331060125123;0.9264306621153575;-0.0010010468829062015
1.0240432797107504;0.9264202808020439;-0.001001847866791205
1.0240434011326567;0.9264231830242659;-0.001000237839149997
1.0240296650824954;0.9264311807311423;-0.0010000779055921206
1.0240285207908555;0.9264327817746849;-0.0010001045976554754
1.0240291276822042;0.9264336827228937;-0.0010002507501158595
1.0240327383348773;0.9264312407631358;-0.0010008174733957195
1.0240416021067484;0.9264227860460683;-0.0010016800420463781
1.0240467804149667;0.9264183991832037;-0.001000627200849126
1.0240294691457448;0.9264304472153322;-0.0010001634190109701
1.0240248349139391;0.9264341567709488;-0.0010000712617746627
1.024025385434688;0.9264347901516078;-0.0010004539470047438
1.0240273796547652;0.9264348244865123;-0.001000402880849103
1.0240318585380213;0.9264293123281865;-0.0010013016043604987
1.0240413298891022;0.9264220357698818;-0.0010013359023924133
1.0240311210428004;0.9264300796486705;-0.001000084501820469
1.0240245086335213;0.9264343647839957;-0.0010000833564285175
1.0240234529863133;0.9264371450946466;-0.0010003110989165905
1.0240235469440804;0.9264370031646068;-0.0010006077588827315
1.0240260510688968;0.9264325192153103;-0.0010010147285742545
1.0240356822523158;0.926425956764357;-0.0010011002226564918
1.0240289027084009;0.9264287284296134;-0.0010003694578805053
1.0240242659330354;0.9264349601403576;-0.0009999552178025228
1.024022549061259;0.9264369639678731;-0.0010000795392190141
1.024022464596067;0.9264372322871767;-0.0010002239879307283
1.0240213353662637;0.9264343674999728;-0.0010006668384810805
1.0240285945262388;0.926430794230094;-0.0010009671874328663
1.0240260919080708;0.9264301521302734;-0.0010009831467303852
1.0240221626120924;0.9264364157699545;-0.0009997367256481988
1.0240198893267942;0.926436925437683;-0.0010002476370333385
1.0240197373635491;0.926438042689202;-0.0010001953741165144
1.0240166422810943;0.9264353461825943;-0.0010011488447871572
1.0240202663250346;0.9264340292757364;-0.0010010509855317463
1.0240228059938319;0.9264335296113043;-0.0010008200110807781
1.0240177717324388;0.9264352106452861;-0.0010002405387836873
1.0240185077155397;0.9264367916701968;-0.001000320053930158
1.0240187632679698;0.9264373483841261;-0.0010003220707428123
1.0240144246984548;0.9264360239775198;-0.0010009528085231055
1.0240152625173164;0.9264380283969742;-0.0010008548215197574
1.0240195483100571;0.9264367527736534;-0.0010006589858795982
1.0240165758967854;0.9264366723178585;-0.0010007822433967702
1.024019016219072;0.9264369620107411;-0.0010000912724310272
1.0240202572286734;0.926435489506773;-0.0010005247988192079
1.0240159466010692;0.9264349568920031;-0.0010009425009938275
1.0240142656892668;0.9264395882015242;-0.0010006370926148034
1.0240182684038013;0.9264390765854774;-0.0010007327567596314
1.024017197814087;0.9264380435555131;-0.0010006599431150731
1.0240182028091191;0.9264334903645194;-0.0010013575723463904
1.0240283893978235;0.926432483070072;-0.0010001777802992745
1.024023601359806;0.9264311028251639;-0.0010006250598778368
1.0240188328642965;0.9264377653909336;-0.0010004734968395816
1.0240200505806674;0.9264396224223542;-0.0010004388197749105
1.024021711721524;0.9264376448154036;-0.0010008109811436225
1.024022984907074;0.9264327892008404;-0.0010012179521676108
1.0240382702186561;0.9264255137923952;-0.0010006831580358783
1.024042633414331;0.9264243531832953;-0.0010003601060252117
1.0240326914640308;0.9264312860874909;-0.0010003250183656907
1.0240306128116972;0.9264330076284981;-0.001000049531092239
1.0240316015195323;0.9264332186059926;-0.0010005975820638544
1.0240366961271163;0.9264288095297651;-0.0010010704192199467
1.0240448938268385;0.9264201341295094;-0.0010017345167084128
1.024041654903497;0.9264218436658566;-0.0010005035460209886
1.0240362684251576;0.9264288028403119;-0.0010000450052324375
1.0240345848422456;0.9264308984533497;-0.0010000145035655092
1.0240350195455128;0.9264315217333841;-0.0010002310742141841
1.0240375207711423;0.926431548726258;-0.0010004291298721518
1.0240447259822576;0.9264232957485925;-0.0010015115584828017
1.024052144625624;0.9264175295748933;-0.0010013471462583003
1.0240409973208124;0.9264257790298732;-0.0010000830166106978
1.0240367647341233;0.9264292402581246;-0.0010000971360006328
1.0240371788969453;0.9264300322759349;-0.0010001670859754244
1.024039002683483;0.9264307808427352;-0.0010003524073118088
1.024043774425309;0.9264251947372298;-0.0010012823951065057
1.0240540256975004;0.9264175018289124;-0.0010012574357969421
1.0240441459373664;0.9264248624169252;-0.0010000917240161854
1.0240368326422613;0.9264294955117467;-0.0010000759552426484
1.0240356046174508;0.9264325991979927;-0.0010000187897575563
1.0240356595715703;0.9264325969678117;-0.001000250512377076
1.0240383355667644;0.9264289696883958;-0.0010010975263416572
1.0240496570362834;0.9264202952582665;-0.0010012397933551673
1.0240431700899086;0.926423918265276;-0.001000257854008823
1.0240352039966893;0.9264295832843792;-0.001000087294067687
1.0240334391587878;0.926432965338185;-0.0010000530049280067
1.024033183259417;0.9264336850271209;-0.0010001751665760054
1.0240347506931735;0.9264320443092496;-0.0010005645168254113
1.024043771558484;0.9264228982896917;-0.0010011671912883956
1.0240424371392671;0.9264217051749774;-0.0010011832662657101
1.0240346403423073;0.9264303796796108;-0.0010000857319144574
1.0240312373835512;0.9264333458116226;-0.001000279354515899
1.024030935859443;0.9264345774394945;-0.0010001953212640038
1.024031549330704;0.9264328864875854;-0.001000819492993691
1.0240367066598381;0.9264255863043077;-0.001001091225808489
1.0240418403698373;0.9264228946472483;-0.0010011707971442976
1.0240348229022909;0.9264310433912459;-0.0009997642286716235
1.024030604004821;0.9264334419721127;-0.0010000032284882276
1.0240300269650635;0.926434925829261;-0.0010000956272949897
1.0240302107176764;0.9264339994608228;-0.001000676599934136
1.0240319553167716;0.9264308860407425;-0.0010010465957492852
1.0240374656895521;0.9264257359674541;-0.001001189090096305
1.0240306650151028;0.9264313959643853;-0.0010000119756786163
1.0240263856367324;0.926434786985475;-0.0009999924916406257
1.024025588142586;0.926436203821792;-0.001000382789272239
1.024025506974873;0.9264362469494224;-0.0010003712864475184
1.0240257831504902;0.9264334940446128;-0.0010006455266944013
1.0240321976761342;0.9264294191691789;-0.001000885338016417
1.0240264345984056;0.9264295400763801;-0.0010011223489790957
1.024023023850466;0.9264361106342132;-0.0010001340951878712
1.0240217088699772;0.9264373395999924;-0.0010002094107393507
1.024021545278615;0.9264378586801808;-0.001000556645398401
1.0240198894321932;0.92643473250377;-0.0010010157833928411
1.0240278611863387;0.926430254849159;-0.0010011804874245772
1.0240259024870537;0.9264306835300944;-0.0010009963782853966
1.0240222247161446;0.9264370323247029;-0.0009997220044173812
1.0240200481574229;0.9264377230315154;-0.0010001504920182196
1.0240199370523928;0.9264383042761198;-0.0010003317484609253
1.024017581912082;0.9264361814900971;-0.0010009268249307791
1.024022143852852;0.9264333462145873;-0.0010009854268996608
1.0240243251303467;0.9264325718401161;-0.0010009067605308772
1.0240197665234825;0.9264372413913541;-0.0009999342926096388
1.0240180649108739;0.9264379917678972;-0.001000394446540525
1.0240178927875145;0.9264389194201376;-0.0010003271881916347
1.0240150915958097;0.9264377466527399;-0.001000858839381464
1.024017019480436;0.9264364450498849;-0.001000793337723828
1.0240222634999268;0.9264345285498907;-0.0010009872032986193
1.0240168222814658;0.9264350909346345;-0.0010009768198277584
1.0240168821477338;0.9264384154048263;-0.0010002413208189918
1.0240170334177643;0.9264385304587003;-0.0010003122628448949
1.0240146517050566;0.9264385608857844;-0.0010006899614617981
1.0240139373827017;0.9264388249132364;-0.001000604833030782
1.0240196597882034;0.9264366734294037;-0.0010007410083623831
1.02401588167146;0.9264368297562098;-0.001000832573161109
1.0240166618679647;0.9264394752241426;-0.0009997975969119124
1.024016069018621;0.926438425434865;-0.001000419710170529
1.0240145245889833;0.9264389773779856;-0.0010005747356195901
1.024011468787777;0.9264408855609368;-0.0010004524222118373
1.0240162349699453;0.9264388246781375;-0.0010006393368525955
1.0240148965370486;0.926438384527272;-0.0010007233714841683
1.0240132686931378;0.926438624904411;-0.0010002842327411568
1.0240168560553125;0.9264377947562581;-0.0010003674693061758
1.024016354468225;0.9264380684711326;-0.001000547146501201
1.0240115017807014;0.9264414554209379;-0.0010003048696157514
1.0240138857322725;0.9264400057006517;-0.0010005569113524307
1.0240156374622498;0.9264393617108346;-0.0010005902612266332
1.0240133872211235;0.9264382063950058;-0.001000932540412388
1.0240202474826055;0.9264373502071299;-0.0009999791170583923
1.0240203116335997;0.9264355575997693;-0.0010005030439789696
1.0240145463251478;0.9264402441612666;-0.0010001961055212186
1.024014484974398;0.9264399712725487;-0.0010004428615820876
1.02401755040716;0.9264395454172115;-0.001000760409304153
1.0240161682145978;0.9264388286066786;-0.001000659415263016
1.024022137040013;0.9264352301224803;-0.0010002526042011302
1.0240260984924496;0.9264320771573148;-0.0010006060241087543
1.024019666658355;0.9264376445625744;-0.0010002866035129891
1.024017249947253;0.9264388866218358;-0.001000534072643243
1.0240198516220707;0.9264394841580343;-0.0010006119206158078
1.0240200545717475;0.9264373238748481;-0.0010007283053210213
1.024023467975665;0.9264308227767889;-0.0010015896230419485
1.0240371231421768;0.9264260844233464;-0.0010008195951780562
1.024030142180967;0.9264324363879783;-0.0010001503017989556
1.0240257710716956;0.926435938908951;-0.0010000529022629115
1.0240257695693025;0.9264377465621567;-0.001000066121475865
1.0240275224537567;0.9264352891988931;-0.0010005286408211432
1.024030515762398;0.9264290619411744;-0.00100142143183371
1.024046962399246;0.9264216041306393;-0.0010007013925158008
1.0240458113087147;0.9264234841713731;-0.0010001915301854798
1.024037053363048;0.9264300156763807;-0.0010000137434417224
1.024035732854121;0.9264307637991672;-0.0010000534410321699
1.0240370277615645;0.9264314192956166;-0.0010006751957714506
1.0240425064052348;0.9264255972852108;-0.0010012021825600952
1.0240490411188885;0.9264171478909211;-0.0010018665629848884
1.0240454916675454;0.9264238701463537;-0.001000105866899012
1.0240454037311935;0.9264251734177663;-0.0010000866206552154
1.0240432483443016;0.9264286898463076;-0.0009999441701323553
1.0240433034750969;0.9264290200889389;-0.001000129176078158
1.02404754228302;0.9264251071596957;-0.00100080152891251
1.024057123328633;0.9264161818228098;-0.00100174517403313
1.0240595662689898;0.9264137915326175;-0.001000451404621374
1.0240422724490452;0.9264255950846507;-0.001000148244056736
1.0240378896611826;0.9264290583438829;-0.00100008700599866
1.0240385898870077;0.9264300119453918;-0.001000245017133354
1.024040141118882;0.9264303064039189;-0.0010003601306666776
1.0240452860530476;0.9264233713465149;-0.0010013654761936337
1.0240538554315834;0.9264179989063718;-0.0010011411709134194
1.0240470162608226;0.9264251684829382;-0.0009999070976525679
1.0240421412108294;0.9264277571717381;-0.0010000190562621317
1.0240407226807815;0.9264297596922764;-0.0010001573239769267
1.0240404926547944;0.9264297233537161;-0.0010003831112028218
1.0240394873949625;0.9264241382488616;-0.0010013893626169695
1.024048525543837;0.9264219892153769;-0.0010009905959622555
1.0240436918811764;0.9264228543658086;-0.00100113131172605
1.0240419696566847;0.9264281287743303;-0.0009999159489849571
1.0240413789465321;0.9264279474894223;-0.001000276387515514
1.0240406046572514;0.9264286647839999;-0.0010005872401248825
1.0240376740119135;0.9264292211041251;-0.0010005166425256333
1.0240411777275087;0.9264268811960708;-0.0010007705986426127
1.0240426585229552;0.926425733892688;-0.001000733092992756
1.0240414274655625;0.9264257149605771;-0.0010006275148911753
1.0240457414021518;0.9264245716463897;-0.0010003925536590345
1.0240456463852914;0.9264246215504007;-0.0010004983899009057
1.0240395424178852;0.9264280602793259;-0.0010002698259676188
1.024040893104502;0.9264282022555638;-0.001000671777962106
1.024044325537728;0.9264259788236117;-0.00100090393686662
1.0240421476022912;0.9264251599274871;-0.0010009660499309542
1.0240490701420546;0.9264237560888702;-0.0010000009085681764
1.0240499769253082;0.9264221056594114;-0.001000516295664132
1.0240443458171553;0.9264268296273355;-0.001000254577629419
1.0240434430287886;0.9264263532562913;-0.001000463069383374
1.0240477736135538;0.9264246860044529;-0.001000805207414402
1.0240459966430988;0.9264244448149941;-0.0010007407237213953
1.0240509114584575;0.9264226043924894;-0.001000202184157497
1.0240544874343012;0.9264196801815763;-0.001000549074613749
1.0240489814942262;0.9264218436609485;-0.0010003959194014554
1.0240467880351003;0.9264248087470791;-0.0010004001891785498
1.0240503280521644;0.9264243312502057;-0.0010005113734497424
1.0240503402612062;0.9264227560870655;-0.0010006979210366237
1.0240517360126244;0.926418156812581;-0.0010013599332340493
1.0240601553589637;0.9264174104693067;-0.001000622904409238
1.0240552645679553;0.9264166588627563;-0.00100099665538338
1.024051638813823;0.9264229555159899;-0.0010002923055757555
1.0240539350387434;0.9264234091363308;-0.0010004101033530936
1.0240554419468388;0.926420848311349;-0.001000640785781482
1.024055555626595;0.9264174399158424;-0.0010012289797228305
1.024067012461862;0.9264147491784529;-0.0010002220174599313
1.0240654721075793;0.9264143742646728;-0.0010007267023616241
1.0240582887489633;0.9264194583045834;-0.0010003705659218896
1.0240593882993931;0.9264210155375334;-0.0010002754970931636
1.0240616928908495;0.9264180200165865;-0.001000696744007823
1.0240611865784204;0.9264154029751969;-0.001001158742137808
1.0240720386354465;0.9264120081992653;-0.0010002834259325126
1.0240754688441727;0.9264104377598559;-0.001000267611025528
1.0240662447438134;0.9264149880360099;-0.0010004013518313017
1.0240659332605053;0.9264178281032852;-0.0010002153098039035
1.0240682687888678;0.9264158452281944;-0.0010007371658051177
1.0240681374031324;0.926413549206487;-0.0010009481409469917
1.0240742841567951;0.926406644949124;-0.001000992553297126
1.024084284629949;0.9264046027887004;-0.001000738903454354
1.0240750787505477;0.9264104498034577;-0.0010003815747934124
1.0240728855034396;0.9264143454247558;-0.0010001724814954274
1.0240741990780828;0.9264144199153862;-0.0010003467015850115
1.0240753419557482;0.926411328923728;-0.0010008423874094431
1.0240795193596484;0.9264050959349903;-0.0010016551765436796
1.0240956353598507;0.9263989716918113;-0.0010008787389924542
1.0240882180748463;0.9264049698323256;-0.0010002109333496212
1.024083451715268;0.92640921152029;-0.0010001229109459012
1.0240836546009116;0.926411242985616;-0.0010000793131142369
1.0240852170911394;0.9264071530510876;-0.0010008951121826641
1.024088302412724;0.9264025303005886;-0.0010014039682110683
1.0241079696779056;0.9263944529909012;-0.001000755985778156
1.0241044668145727;0.926397522002777;-0.0010002370782375668
1.0240966086765162;0.926402862753472;-0.0010003011894421272
1.0240956449380734;0.9264034451567358;-0.0010000980213962403
1.0240975199277784;0.9264035670237405;-0.0010004143593428279
1.024100373280089;0.926398611822228;-0.0010011863858194435
1.024108066339437;0.9263894788345168;-0.0010017160709724776
1.0241128002802378;0.9263930262844307;-0.0010002121066870692
1.024100707421245;0.9264005123276697;-0.0010002472107147192
1.0240981666989764;0.926402549936685;-0.000999971614639536
1.0240990067292097;0.9264028420406332;-0.0010002438907299911
1.0241026276495433;0.9263991644201207;-0.0010011069225982876
1.0241084735872714;0.9263907746559786;-0.0010017855197295804
1.0241084528106363;0.9263938896915662;-0.0010003902880214056
1.024100244135665;0.9264001559189282;-0.0010000917499270283
1.0240951550255282;0.9264037874990834;-0.0010000046247814164
1.0240950649513187;0.926403955404868;-0.0010000287244759827
1.0240985459218268;0.926401686151579;-0.0010009638036753282
1.0241071459716846;0.9263932202711381;-0.0010015127468747352
1.0241090396575019;0.9263876089054559;-0.001000274020933719
1.0241056119485983;0.9263968039581458;-0.001000074989602015
1.024104724425053;0.9263992049667623;-0.0010000254255337349
1.024104014687491;0.926399733106623;-0.001000066433514496
1.0241063482113388;0.9263998648988276;-0.0010003182382667293
1.0241131973354758;0.9263924439800478;-0.0010014347804291994
1.0241210903346394;0.9263835937648862;-0.0010015787059228058
1.024103621162665;0.9263964573236756;-0.0010002283023650936
1.024096335984814;0.9264024594313631;-0.0010000087421838805
1.0240958594716032;0.9264030806779995;-0.0010000865632771826
1.0240977907866942;0.9264037507885982;-0.001000678315418422
1.0241023494436763;0.9263985767000426;-0.0010012089766933373
1.0241141436734729;0.9263887263192586;-0.0010013148552696534
1.024107453465611;0.926394389813773;-0.00100023932361238
1.0240976068159993;0.9264008962098825;-0.0010001007146893462
1.024095935068509;0.926402626443149;-0.0010001289556389355
1.0240975009243287;0.9264038871745466;-0.0010003358837628595
1.0240992586464397;0.9264033874018077;-0.001000357742608142
1.0241087259368449;0.9263933361212293;-0.0010012016667402812
1.0241091822173596;0.9263911842956372;-0.0010012302186537224
1.0241001285177587;0.9264000628109289;-0.0009998586487978377
1.0240964555353242;0.9264035767668504;-0.0010001850064039058
1.0240961426464046;0.9264048397674073;-0.0010004379916060818
1.024096581888231;0.9264036480164147;-0.0010005770434902937
1.0240998327513493;0.9263994738916144;-0.0010009127207625604
1.024103302786994;0.9263958174529499;-0.0010010761617445206
1.0240972871497664;0.9264028660245427;-0.000999826433315757
1.0240933596371251;0.9264046154734259;-0.001000106624156321
1.0240923210743131;0.9264057421941834;-0.0010002619388179354
1.0240918239642058;0.9264056057708403;-0.0010006734782770955
1.0240922041276834;0.9264020457955846;-0.0010009205951817708
1.0241000878636157;0.9263985605549406;-0.0010009606460568109
1.0240944386188182;0.9263995205748741;-0.0010010129280976394
1.0240931558385733;0.9264040302217493;-0.001000208906178298
1.0240928755193455;0.9264043104009875;-0.0010003181190650565
1.0240920915040297;0.9264048012545023;-0.0010006393530709555
1.0240900664868633;0.9264050963350083;-0.0010005252953744354
1.024093977628833;0.9264020458243414;-0.0010009200791681848
1.0240929164425971;0.9264018338718392;-0.0010007612919115602
1.0240924684384112;0.9264040547481479;-0.001000006784229266
1.0240942278432192;0.9264024776195637;-0.0010003474037836128
1.0240935312448458;0.92640285801536;-0.0010006748947147467
1.0240886840166465;0.9264051743682133;-0.0010004136790007015
1.0240914423211773;0.9264038461508491;-0.0010006226403770288
1.0240938872431975;0.926402266808607;-0.0010009024484712026
1.0240917341301505;0.9264006127923761;-0.0010010635769402455
1.0241003714399022;0.9263998899131936;-0.0010000603929579965
1.0241003676644398;0.926398122753099;-0.0010005379238608343
1.0240930197367049;0.9264023146062674;-0.0010003166984428082
1.0240932096912818;0.9264043557833589;-0.0010002145324284652
1.0240959571215125;0.9264023359878815;-0.0010006076795385857
1.02409560424688;0.9263997459999029;-0.001001078918671832
1.0241028782919257;0.9263924877572711;-0.0010012420055138145
1.02411476806214;0.9263896591289795;-0.0010007833983389433
1.0241051707296942;0.9263967757640139;-0.001000228522846064
1.0241021642016628;0.92640104569537;-0.0009999619325458918
1.024102146723136;0.9264020737200795;-0.0010001186767538833
1.0241046503370266;0.9263979680228084;-0.0010008754309204712
1.024111218451008;0.9263906191347206;-0.0010014778093689856
1.024109546317394;0.9263864445397396;-0.0010011555892528341
1.0241053514399354;0.9263955351693762;-0.0010001546441393803
1.0241048589431947;0.9263981358498754;-0.0010000481404473516
1.024102564163158;0.9264004377274047;-0.000999981707148434
1.0241044087899576;0.926400257706511;-0.0010001720850784934
1.0241094148091598;0.9263945052067009;-0.001001127133852503
1.0241208862717253;0.9263850503922048;-0.001001426474917709
1.0241090229412848;0.9263925128345961;-0.0010002897991698949
1.0241005642077021;0.9263989768649653;-0.0010000690645987215
1.0240998853424164;0.9263999985438099;-0.0010001549516654162
1.0241013818381628;0.9264005329778214;-0.0010002941467828833
1.0241038910631304;0.9263992563439117;-0.0010008239504778263
1.0241139677798328;0.9263880211326135;-0.001001516084293507
1.024110325829436;0.9263920087117568;-0.0010002684327859133
1.024099298977107;0.9263991423209824;-0.0010000951873722387
1.0240972259815249;0.9264011113703762;-0.0010001234725925193
1.0240982722836207;0.9264018645976794;-0.0010002613014835245
1.0241006209171037;0.9264014162597326;-0.0010004507817532038
1.0241083230726318;0.9263920458683801;-0.0010015569683914718
1.024112294245634;0.9263882477155726;-0.0010009237102468725
1.0240988283646886;0.9263983360424767;-0.0010002208903273774
1.0240960748404557;0.9264014926556382;-0.0010001043614374788
1.0240970330534307;0.9264019323150116;-0.001000512834764801
1.0240991042159968;0.926401821657831;-0.0010004208063455929
1.024103954144187;0.9263956783363445;-0.0010013934929248604
1.0241121936147315;0.9263890366366881;-0.0010013461778531803
1.024101146321548;0.9263974927628558;-0.001000083053267313
1.0240968421186578;0.9264008679621913;-0.0010001092986930624
1.0240972771941292;0.9264017080033383;-0.0010002369782279759
1.0240989121670787;0.9264020876743991;-0.0010003956970081988
1.0241026738126742;0.9263980081875324;-0.0010010645149505712
1.0241130881921743;0.9263899127171736;-0.0010011566710897042
1.0241051050449168;0.9263965452307419;-0.0010000489181662617
1.024098752901276;0.9263999600692329;-0.0010000167466829891
1.024098896045892;0.926401031170551;-0.0010002541292583982
1.024099761938043;0.9264023102553667;-0.001000267733811202
1.0241020778978749;0.9263983046188234;-0.0010010016282073625
1.024113515032226;0.9263902898893078;-0.0010011248724538513
1.02410870195415;0.9263916496599294;-0.0010004067070537269
1.0241029924660816;0.9263985894346414;-0.000999949811302553
1.0241002958710206;0.9264015561697645;-0.0010001389354037382
1.0241002231034926;0.926402285573866;-0.0010002057155682753
1.0241011940998461;0.926399834530959;-0.0010007811139405645
1.0241072843003067;0.9263941151042167;-0.0010010614682027623
1.0241072829866718;0.926392198516133;-0.0010010979436649303
1.024100766498386;0.9264002422561811;-0.0009998563935270412
1.0240975234838965;0.9264023555822055;-0.001000152960600114
1.0240971291783207;0.9264034544777419;-0.0010002388518349364
1.0240972648402178;0.9264022457570665;-0.0010007917508524748
1.02410017708192;0.9263996431481596;-0.0010006780649796966
1.0241031640074871;0.9263949989032736;-0.0010011722352715087
1.024097572191101;0.9264020828532673;-0.0009998159071870037
1.0240951139157592;0.9264028890621303;-0.0009999202435147618
1.0240966271816938;0.9264029637063476;-0.0010003059912353056
1.0240964737777396;0.9264029421326806;-0.0010006703345498066
1.0240980085515727;0.9263984764406211;-0.0010009316993763416
1.0241054389019792;0.9263949669189909;-0.0010009918486381005
1.0240986654281736;0.9263969030580458;-0.0010003001441438036
1.0240966845239527;0.9264020965772314;-0.0010002329011568958
1.024095501039308;0.9264031109853952;-0.0010002667749435777
1.0240954360489454;0.9264037442370117;-0.0010002866043558704
1.0240934550213145;0.9263984263014124;-0.0010012703914308203
1.0241011291376343;0.9263963906994627;-0.0010010873436515598
1.0240978265221758;0.9263971800664531;-0.0010010368963751202
1.0240958448241868;0.9264024086664491;-0.0009999355837891112
1.0240970515707106;0.9264020634679037;-0.0009999686695014963
1.0240967493585753;0.9264023782203118;-0.001000379471274647
1.024093378289429;0.9263988870846873;-0.0010012136219726686
1.0240989384017274;0.92639760052242;-0.0010011321739235302
1.0240985641433067;0.9263977352665161;-0.0010008385286886141
1.0240964995093718;0.9264022426930608;-0.0009998309077243438
1.024095038627767;0.9264012313780868;-0.001000447633058607
1.024094814693127;0.9264026352953846;-0.0010002822123759518
1.0240902051728122;0.9264001774876998;-0.0010012297837924504
1.0240931213410103;0.9264004670197571;-0.0010008973740628542
1.0240973245480223;0.9263990041959894;-0.001000737830725209
1.0240952746535972;0.9263992838027184;-0.0010006224283025424
1.0240964029498036;0.9263999411061006;-0.0010004452818702728
1.0240972383218607;0.9264000741165636;-0.0010004101602007452
1.0240924843605774;0.926398721768387;-0.0010011420753845077
1.0240932641429048;0.9264008946095502;-0.0010007706103497965
1.024098670519419;0.9263987300678054;-0.0010006891043379956
1.0240955235464597;0.9263985186326172;-0.0010008207187615359
1.024098673410821;0.9263990376350424;-0.0009999932738163318
1.0240994757098014;0.9263974471716973;-0.001000434977881777
1.0240954895546408;0.9263966929230874;-0.0010009772959143834
1.0240939430806253;0.9264005842920723;-0.0010006259605397638
1.0240983679764024;0.9263992498242801;-0.0010005764853945956
1.0240978209176574;0.9263977953886214;-0.0010008183684968239
1.0240982486620505;0.9263948267230668;-0.001000570550815063
1.0241057490712837;0.926394924685262;-0.0010003495918899895
1.0241017297158208;0.9263932889466794;-0.0010008273255047197
1.0240976363725762;0.9263987530959626;-0.0010004063373082878
1.0240999380531097;0.9263993693549862;-0.0010003589325107039
1.0241016472956483;0.9263962888355282;-0.0010009425303296286
1.0241015874962094;0.9263936063385447;-0.0010012246195567655
1.0241138369606442;0.9263897484994552;-0.0010004250222177269
1.0241119936577385;0.9263881254650977;-0.0010008429806802402
1.0241048931921286;0.9263952927369158;-0.0010002946312243181
1.0241049465864192;0.9263975548385366;-0.0010001617954984755
1.0241069261707827;0.9263947878809928;-0.0010007723273204663
1.0241076371259912;0.9263915444803907;-0.0010011990886833397
1.0241170822026913;0.9263830839939768;-0.0010011259878284946
1.0241295596296824;0.926379757815352;-0.001000915770370276
1.0241197097393417;0.9263886296620252;-0.0010001262318067965
1.0241171057693848;0.9263901636475368;-0.0010000976343708598
1.0241176558882672;0.926390623756258;-0.0010002939029827608
1.0241203350855712;0.926387637087442;-0.0010010566705983583
1.0241260853632477;0.9263803396618926;-0.001001755393013292
1.0241242856741757;0.9263797222725243;-0.001000793316640776
1.0241178383739276;0.9263880723775959;-0.0010001383711261413
1.024111872255749;0.9263929417629369;-0.0010000500999258546
1.0241110955780708;0.9263933238365679;-0.0010000151510240474
1.0241136536119273;0.9263933061687772;-0.0010003006218942331
1.0241210903910938;0.9263850565700253;-0.00100133885701836
1.0241281546558414;0.9263764928986554;-0.0010015861517443242
1.0241125807183495;0.9263890596278023;-0.0010002258090223877
1.0241056317439934;0.9263948042972091;-0.0010000222390340874
1.0241053596631005;0.9263953417716021;-0.0010001015820240468
1.0241073695345282;0.9263955145809977;-0.0010006705046156916
1.0241098943015918;0.9263947512109172;-0.0010005487790625683
1.0241210955847162;0.9263835286384985;-0.0010013170830630892
1.0241151233980121;0.9263874932475377;-0.0010002973970662903
1.0241069358354646;0.9263935108838682;-0.001000103804222767
1.0241068652980387;0.926393997840314;-0.0010001903036031615
1.02410777370621;0.9263959682329039;-0.0010002905789183968
1.0241079621958884;0.9263936159284718;-0.0010008375226494906
1.024113297276687;0.9263900775360869;-0.0010009778829430452
