3.000000465226673;2.9999999587857857;-0.00016154710384682497
2.9999822674757874;2.9999999604940997;-0.0003047851534269015
2.999982392703687;2.999999960240938;-0.000456053254514005
2.9999820923922607;2.999999954524483;-0.0006082378131151041
2.9999815325607133;2.9999999539117117;-0.0007561784702265865
2.9999806513752394;2.9999999535340605;-0.000903953523199854
3.000491178230165;3.0000003410242377;-0.0010003653164151124
3.0019331981342243;3.0000003969446283;-0.0010011372334477915
3.004232256095024;3.0000002522596874;-0.00100122438487793
3.007489480340521;2.9999999173541703;-0.0010013592911324136
3.0114891988282073;2.999999271845458;-0.0010015274360622196
3.016260954799252;2.9999980545294234;-0.0010017357446591157
3.0218801279376852;2.999995636756869;-0.0010019826592134774
3.027851400986159;2.9999904822447556;-0.0010022264648881264
3.034096140013385;2.99997097485524;-0.001002402466664394
3.040578821697509;2.999948849183885;-0.001000498321166176
3.0470706834793035;2.999952747100746;-0.0010005492935574734
3.0540404974106745;2.9999513558214024;-0.0010006946306262005
3.0619630971688943;2.9999460929743886;-0.0010009989424376205
3.0704988469490706;2.999936790452916;-0.0010014344103218796
3.079820742326392;2.99992149807818;-0.001001946376796129
3.0899689569786593;2.9998918902222873;-0.0010023603267172582
3.0999565713928194;2.999850791168549;-0.0010005024257917425
3.1101958537983587;2.9998325323940187;-0.0010006065352779307
3.1213727064719388;2.9998023079602545;-0.0010008881863157564
3.133041261987464;2.9997620014900437;-0.0010013183086973083
3.1455286880682287;2.9997082884981654;-0.0010018245963316283
3.1590223193821148;2.9996348593360596;-0.0010022549425433777
3.1723288996948797;2.99954274849965;-0.0010005764871307311
3.1858102379477926;2.9994431011702374;-0.001000589701879967
3.200252808684047;2.9993065554668257;-0.0010008301428418437
3.2150565961372326;2.999130662707173;-0.0010012353807794076
3.2306941750488405;2.9988964656750734;-0.001001736063662835
3.2473192868937737;2.9985924756094584;-0.0010020108014899241
3.2635380582261657;2.9982746475913618;-0.00100142133344586
3.27980017794232;2.9979379277055207;-0.0010012825170967084
3.296744138409368;2.997601847129148;-0.0010014333596265745
3.313216056088326;2.9973186622161117;-0.0010013829393700768
3.3296916813645825;2.9970814573925963;-0.0010015045067723535
3.3466698512553;2.9968850281758623;-0.0010018225449603783
3.363137618976022;2.996740152064799;-0.0010016636737495178
3.379599024871645;2.996637262194477;-0.0010016252255487003
3.396566717310472;2.996581150384245;-0.0010014704479812155
3.4130375186351882;2.996578780306797;-0.0010013797775789736
3.4295111896047525;2.9966275995005147;-0.0010014552690004418
3.446486819431268;2.996731316052219;-0.0010017207078575029
3.462955615087668;2.99688351102258;-0.0010019627962756135
3.4794074691788555;2.9970837842848455;-0.0010015436241810269
3.49636925485084;2.9973471290835065;-0.0010015110886195007
3.5128331597117044;2.997660677488875;-0.0010013652673685862
3.529298782622274;2.9980312889555316;-0.001001396828270544
3.546265249689131;2.998472691404401;-0.0010016118351028058
3.5627318327935185;2.9989588188932372;-0.0010019912633368877
3.5791823229575743;2.9995008014259037;-0.001002019972644281
3.5961215038891896;3.000124222166316;-0.001001626140681302
3.6125705202714147;3.0007940660801835;-0.0010013866939759773
3.6290197726061812;3.001527371518278;-0.001001373811825395
3.6459677509780994;3.0023491682583456;-0.0010015469179938882
3.6624155370801112;3.003210817490989;-0.0010018808330563254
3.678852623047297;3.0041345857415593;-0.0010021006849803872
3.695769149806914;3.005155657294805;-0.0010013811528079425
3.7121937434788745;3.0062192542885606;-0.0010014142323685332
3.728615633349974;3.007353285032913;-0.0010013619698697046
3.7455332346763086;3.0085953200011715;-0.0010014904337472125
3.761949762762279;3.009871993871701;-0.0010017602669577033
3.7783559265232474;3.011217787294329;-0.0010019556086044226
3.795232958291745;3.012679332242027;-0.0010010880595780099
3.8116152250368542;3.0141800864625745;-0.0010014514053374238
3.8279953081637026;3.0157591803187462;-0.001001365137649788
3.844866923677437;3.0174678555400076;-0.0010014439515606925
3.861236237133061;3.019205324552225;-0.0010016645352825641
3.8775933327291026;3.021019514055746;-0.0010018029086413076
3.8944251399569687;3.0229715962907533;-0.001001964855409463
3.9107381592755397;3.024955346201065;-0.001001658835744365
3.9270574277284025;3.02702785107271;-0.0010013795201643146
3.9438628597971337;3.029253780937509;-0.001001413826011436
3.9601644540892105;3.0315018915117316;-0.0010015973715877778
3.9764504081213725;3.033835012433593;-0.001001638101394385
3.9932113025859195;3.036330936234911;-0.0010018939772128942
4.0094413181422235;3.0388480903881674;-0.0010009876273640791
4.025677168082;3.0414656432064415;-0.0010014240370338698
4.042390711656896;3.0442625352297386;-0.0010014009493084092
4.058598556186143;3.0470741701832544;-0.0010015473763760885
4.074785726974667;3.049979706207995;-0.0010014773795023225
4.091441846979887;3.0530754330074696;-0.0010017503300435472
4.107574561929377;3.056183783901639;-0.0010014745059443997
4.12368559472017;3.0594003125961815;-0.0010014633679626163
4.140274513648182;3.0628267758265797;-0.0010014041282278008
4.156355511467781;3.066259575217871;-0.0010015129867860656
4.172409557351194;3.069795826957129;-0.0010013669659404423
4.188922132575363;3.0735519150129003;-0.001001642235548994
4.2049205689758535;3.077313423541034;-0.0010018950936248813
4.220869480246681;3.0811877735280513;-0.0010012323917183638
4.23729322635599;3.08530699434895;-0.0010014281954960173
4.253205596736815;3.0894227869838153;-0.0010015000724701607
4.26908305491032;3.09365216617086;-0.001001283361719129
4.28540474258649;3.098133406221998;-0.0010015259129810793
4.301212968969838;3.1026113156168806;-0.0010017248419202998
4.316968236146549;3.1072113025671477;-0.0010011427432146114
4.33316772303172;3.1120883931896994;-0.0010014627432083333
4.348859010084282;3.116952909098668;-0.0010015077906325477
4.364505398039059;3.121941612232445;-0.0010012229904574135
4.380578133755722;3.1272168730122645;-0.0010014303567397673
4.396135151594214;3.1324782898912162;-0.0010015932112546824
4.411642583954729;3.137876460798336;-0.0010019022089572463
4.427548215136899;3.143578579419504;-0.0010014450807541882
4.442953130061303;3.1492609194551986;-0.0010015458945660215
4.45830055896607;3.1550782264502897;-0.001001222670409755
4.474051893599838;3.1612193573200558;-0.0010013626655665658
4.489283394303436;3.167334116319272;-0.0010014601739822757
4.504455384435976;3.1735992575335334;-0.0010017224500248126
4.5200053760711905;3.180204673583678;-0.0010012088294619331
4.53503703696257;3.186773306808813;-0.0010016124309359317
4.55000049060022;3.1934894678111037;-0.001001276558726543
4.565340483871718;3.200569058712048;-0.0010013160825108197
4.580155617465979;3.207607575040246;-0.0010013540919109297
4.594895526080262;3.2148094763294432;-0.0010015809185636784
4.609997433202389;3.222397548592051;-0.0010019629389945474
4.624549977147905;3.229917456046221;-0.0010014988159068386
4.63902649862097;3.237602377621165;-0.0010014081372076468
4.653844857814716;3.245691826037171;-0.0010012898621862068
4.668132465583736;3.253722850061222;-0.0010012854008995785
4.682323974241535;3.2619292529771586;-0.0010014354404457616
4.696841936130183;3.270565951530088;-0.0010017786066095283
4.710824975916393;3.2791055324991083;-0.0010019215912084392
4.72471509905182;3.287767932197064;-0.0010016710825439222
4.7388763941668905;3.2969335457751137;-0.001001288432320755
4.752500807346819;3.3060205209131164;-0.0010012446709941857
4.7660034119733865;3.315293411566197;-0.0010013347656126423
4.77978531634165;3.325040095518892;-0.001001639016819194
4.793030265752104;3.334679097276946;-0.0010020749723196505
4.806157190098732;3.344428450432376;-0.0010009773989923046
4.819500970989218;3.3547201816651073;-0.001001323403138056
4.83229812013356;3.364915805782604;-0.00100123399006901
4.844942507534382;3.375305513160379;-0.0010012791086920804
4.857807246853065;3.386210650419496;-0.0010015075383780839
4.870126991802869;3.3969817440661445;-0.0010016899423811454
4.882280919554551;3.407932334506659;-0.001001816263077094
4.89461665782243;3.4194072133106226;-0.0010010555599164507
4.906394254747541;3.4307434079196306;-0.0010012739057634092
4.917981600877865;3.4422773589464444;-0.001001268711217227
4.929718073517237;3.4543647780812727;-0.0010014591451023083
4.940901379624719;3.4662807445019004;-0.0010010799918017815
4.9518909455165;3.478387057437756;-0.0010015598910883099
4.962902422520675;3.4908907459481613;-0.0010009278883964835
4.973407685642325;3.5030310463324352;-0.001000789624370911
4.984032009498508;3.5154425533670786;-0.001001408979906613
4.995044200204984;3.528371442119091;-0.0010015731327345304
5.005700827116219;3.5409334810768547;-0.0010013208552100694
5.016340386008907;3.5535182718580085;-0.0010016903270558472
5.027276128233714;3.566506912930114;-0.0010019553941826229
5.037854211234169;3.57912904855783;-0.0010017632376709412
5.048410907923512;3.59178213748221;-0.0010014835568415426
5.0592602976541645;3.604844934511979;-0.0010015569367348397
5.06975855820531;3.6175418652878775;-0.0010016111407909964
5.080230869867218;3.6302574322180328;-0.0010016342420394592
5.090995662388385;3.6433874768139907;-0.0010018453506877231
5.101402166434375;3.6561458142581547;-0.0010012465682940515
5.111785593072675;3.668939978255768;-0.0010015091257329876
5.122451902915715;3.682149170812922;-0.0010015346075334663
5.1327711325011665;3.6949932589703764;-0.0010017695083311233
5.143056522327455;3.707852944974352;-0.0010016465982767321
5.153627829120373;3.721137036440298;-0.001001745481329832
5.163845967624436;3.7340491844727657;-0.0010013930334390082
5.174031410501468;3.7469936601941356;-0.0010015311669845615
5.184491856889509;3.7603626569682698;-0.0010015268263214895
5.1946086689609965;3.7733657498731814;-0.0010017407362353896
5.204684731910599;3.7863837655276673;-0.0010015048835548754
5.2150381146344875;3.799835397638117;-0.00100167685302395
5.225045518677082;3.8129180448710134;-0.0010019322176072036
5.235007382893053;3.826024237503167;-0.0010016814496880098
5.245235992591034;3.8395669168246975;-0.0010015271448734625
5.25512425041542;3.8527420291504644;-0.0010016808187848572
5.26496554722895;3.8659330794386935;-0.0010012199768912738
5.275073230279228;3.8795662381210843;-0.0010016091513118455
5.284839700583013;3.8928300303884806;-0.0010018400221519126
5.294552739304918;3.9061152160057486;-0.001001427064032969
5.304521106649621;3.919847362674465;-0.0010015416072318012
5.314151458621827;3.933208551242306;-0.0010016430209542349
5.323729295356639;3.946587839301268;-0.0010010550790444696
5.3335594025758875;3.9604161211534823;-0.001001542203350466
5.343052532147092;3.9738743514408044;-0.0010017321519768842
5.352488894406851;3.9873571552708786;-0.0010013052874743474
5.36216246167127;4.001291851549218;-0.0010015865240750703
5.371502046226675;4.014853626825775;-0.0010016238290179516
5.380783900869181;4.0284368587366925;-0.0010010777140327803
5.390300437674091;4.042473916951894;-0.001001488115121539
5.399484910036014;4.056140618309022;-0.0010016529069267407
5.408611762232236;4.069840863659335;-0.001001909444464183
5.417950933849878;4.083989305435333;-0.0010016674011112947
5.426962551563326;4.0977662159150405;-0.0010016198126391283
5.435911190574682;4.111568868879127;-0.0010010799019913343
5.445073888356579;4.125829036589229;-0.0010014233967422514
5.453909858172143;4.139718458450635;-0.0010015733839534718
5.4626836496603906;4.15364700108883;-0.0010018159623157406
5.471649058192008;4.168028360997026;-0.0010015339830071815
5.480291241520797;4.182035766641225;-0.0010016387904644916
5.488863884653986;4.196072410066426;-0.001001195228577386
5.497627641984875;4.210570147900473;-0.0010013744409936472
5.506070069465613;4.224696079095738;-0.001001488249558393
5.514443118954688;4.238865278673949;-0.0010017129894867721
5.522989784710911;4.253498358132076;-0.0010014759805963593
5.531213273137236;4.267747944125722;-0.0010016828799113801
5.5393610056019735;4.282032004499718;-0.001001404128501717
5.547674770910552;4.296780897157901;-0.0010013883139250758
5.555672757105129;4.311156353363414;-0.0010014236951293373
5.563592509787589;4.325578316771197;-0.001001625623529994
5.5716673460880495;4.340481004402911;-0.0010019347383549912
5.579416687440788;4.354981813783639;-0.0010018457494857143
5.587083816845491;4.369524814389809;-0.0010015967852814896
5.5948998585855705;4.384548631503671;-0.0010013837636873302
5.602403051488791;4.399180923258336;-0.0010013748000937996
5.609817554545637;4.413862215617565;-0.0010015291187673095
5.617362597726689;4.429036680371687;-0.0010018064106567803
5.6245865745802845;4.4437995760945945;-0.0010014374093366973
5.631718831225969;4.458609265999176;-0.0010017188808430985
5.6389600076947595;4.473892434059604;-0.0010014811961701203
5.6458954790169305;4.488794596655886;-0.0010013395216410606
5.652730055770519;4.503746860354397;-0.0010014379152023072
5.65966566611309;4.519203237126211;-0.0010017066020285258
5.666290803755607;4.534247561078816;-0.0010019801927656814
5.672805609848167;4.549325926080818;-0.0010018739755119528
5.679399389293988;4.564887923412056;-0.0010015237412121306
5.685693083224722;4.580063888423841;-0.001001322970723615
5.691872129979928;4.595290317930029;-0.0010013751957211742
5.698118219039582;4.611030097603714;-0.001001605420929079
5.704062480974977;4.626353611089195;-0.0010019389458917234
5.709882144257285;4.641705163074637;-0.001001707917907834
5.71575677483093;4.657564600771547;-0.0010015295028844191
5.72133559926325;4.673008182007675;-0.0010013270428209965
5.726784420518394;4.6885018543160575;-0.0010013268754449772
5.732261958873251;4.704515999309624;-0.0010014945784990043
5.737445327399485;4.720106429234954;-0.0010018353742832983
5.742498042093761;4.735727656037028;-0.0010020496174178474
5.747549657531657;4.75183725166973;-0.001001726954507818
5.752308916511831;4.767543226696518;-0.0010013452180486077
5.756920771930168;4.783296492268015;-0.0010013008948977324
5.761517779773276;4.799575109375697;-0.001001415381083958
5.765829103764417;4.815419882870227;-0.0010017280431404811
5.76998931293705;4.8312957047761;-0.0010018302618676547
5.77411414958817;4.847671960828742;-0.0010014028246658792
5.777953293371195;4.863617945963669;-0.001001408594354443
5.781625588446608;4.87960570303994;-0.0010013029651933097
5.785234356900605;4.896120539378379;-0.001001366597451956
5.788566870594356;4.912188957865916;-0.001001613623927134
5.791729634365635;4.928281575626444;-0.0010015152428218266
5.794802337468247;4.944858944422443;-0.0010018446494859563
5.797596397037733;4.96100266029086;-0.0010014826618223796
5.800203585284088;4.977186581519585;-0.0010013302082608339
5.802692727547797;4.993894913947926;-0.0010013443241430504
5.804916966808499;5.010142032498452;-0.001001544674582952
5.806951033093425;5.026401354447394;-0.0010011401104060257
5.808843431097949;5.0431590527915375;-0.0010015943760020088
5.810468986397028;5.059455850789392;-0.0010013407732068318
5.811883090056546;5.07577554230677;-0.001001423243111508
5.813118874576345;5.092609969147462;-0.001001359793436598
5.814103306873799;5.108966080228538;-0.0010015283011979258
5.814876204677807;5.125317482373562;-0.0010010521373500433
5.815445690642578;5.142165610797213;-0.0010014685278338445
5.81576179096085;5.1585362659681415;-0.0010016429277094792
5.815842163910228;5.174901749035253;-0.0010015278758039106
5.815678210039453;5.19176649965685;-0.0010014275668443276
5.815279483927121;5.2081328297380445;-0.0010015714519112928
5.814647544607216;5.224474476222889;-0.0010009802408839051
5.813752805281074;5.241318769351754;-0.0010014285668495937
5.812636186016287;5.257641184239457;-0.0010015836483111655
5.8112604680361475;5.273933496232498;-0.0010017139050008533
5.809567304206045;5.29068168333565;-0.0010015458187182039
5.807657211800802;5.306926452143607;-0.0010014847854306862
5.805487866409315;5.323133665889919;-0.0010013832405781353
5.802972025206371;5.339777854951197;-0.0010012536165857552
5.8002393663192215;5.355891134743561;-0.0010013883612784193
5.79722161364349;5.37195529361531;-0.0010016713653571985
5.793827205725258;5.388430236095729;-0.0010011967147079068
5.790291613770101;5.40437272419814;-0.0010016788130967971
5.786431244907634;5.42024240471168;-0.0010012600654178486
5.78217040723292;5.436564781538711;-0.0010014687132301227
5.777928268778774;5.452490839949378;-0.0010014517234983936
5.773654385167465;5.468414048355524;-0.0010017462827253826
5.769220727140613;5.484807511074692;-0.0010021416773879216
5.764887308858185;5.5006902555843915;-0.0010020341544556867
5.760520960381738;5.516574890709808;-0.001001519038606187
5.755987232352048;5.532936201774968;-0.0010013958860686546
5.75155146258648;5.54880942594017;-0.0010014383176731693
5.747080952172985;5.564676013373166;-0.001001665227437793
5.7424398341903125;5.581012658436426;-0.0010020506178927899
5.737904726071198;5.5968351348945165;-0.00100145453481593
5.733331575624147;5.612658592526245;-0.0010017036531815363
5.728581400366503;5.628955138190208;-0.0010014074205706193
5.723931721729638;5.644764020541127;-0.0010014031530503967
5.719243531352727;5.660564706050638;-0.0010015800465192314
5.714373694795576;5.676833729912458;-0.0010019240606606965
5.70961323325036;5.692594289448698;-0.001001384338679967
5.704812648610719;5.708342648464365;-0.0010016951793943747
5.6998228954001835;5.72456449772836;-0.0010014247405977401
5.694936633522901;5.740298607526538;-0.0010013794385744235
5.69000775504114;5.756022565317816;-0.0010015095194910416
5.684885319790154;5.7722117098640116;-0.0010018285220608734
5.67987371018839;5.787903071239346;-0.0010020880593409366
5.674822909222224;5.803562393485122;-0.0010015189570512818
5.6695683407796915;5.8196974435826;-0.001001450918384876
5.664420653464005;5.83534443117273;-0.00100136876531403
5.659225865511244;5.850978937833709;-0.001001454826532227
5.653824557500463;5.8670741437657545;-0.0010017379258367778
5.648536352071568;5.882677890778333;-0.0010021395263717751
5.6432092744221265;5.89824003854993;-0.001001208513788817
5.637662988433972;5.914272558341871;-0.0010014927116122618
5.632227024449141;5.9298178716778525;-0.0010013668935790962
5.626739064770366;5.945347941946845;-0.0010014085773015907
5.621030486753237;5.961332860131088;-0.0010016399136280954
5.615438237003976;5.976829439921925;-0.0010020062489512933
5.609807673709507;5.992285972821737;-0.0010011788267024826
5.603940817143601;6.00819684776643;-0.0010015284485962277
5.598187572402077;6.023623359226139;-0.0010013797035041787
5.592377019689109;6.039031303734901;-0.0010013759529844193
5.5863304783028305;6.054886957896114;-0.001001553293709205
5.580404263246275;6.070256308831495;-0.0010019035357099436
5.574431355670488;6.085592957562763;-0.0010020414404561355
5.5682158674637305;6.101357654500479;-0.001001640826542187
5.562113849322181;6.11664476682975;-0.0010014010368031671
5.555948688202435;6.131909527014203;-0.0010013554985474626
5.549530743587838;6.14761353575771;-0.0010014863943568174
5.543237850009692;6.162832571388001;-0.0010018078396718533
5.536886571536198;6.178020577069294;-0.0010021771947942397
5.530284872688691;6.1936219115086875;-0.0010015553756326859
5.523800686604048;6.208746530859291;-0.0010014300449525115
5.517247400002682;6.2238434955628446;-0.0010013477646890097
5.510423048772706;6.23936971306317;-0.0010014325730715243
5.503729235823414;6.254411720904486;-0.0010017015018955536
5.496969111970658;6.269420984445719;-0.0010020801113472186
5.48994455919475;6.284823521941623;-0.00100111295924862
5.483040984668926;6.299753502225527;-0.0010014790153363429
5.476060890709223;6.314652160701162;-0.0010013552112444236
5.468789821016947;6.32996818043457;-0.0010013912418542527
5.461655620549709;6.344800527128635;-0.0010016080210767317
5.454447663221909;6.359596380545377;-0.0010019895356389343
5.446954360736553;6.374775975983605;-0.0010020986069250205
5.43959634013692;6.38946497339985;-0.0010016646014786995
5.43214791440098;6.404128442188097;-0.00100137382931954
5.424386805844181;6.4191953142894445;-0.0010013655207640818
5.416769786598208;6.433779019358939;-0.0010015367577859043
5.40907156905842;6.448320441105824;-0.0010018870058912596
5.4010645928620615;6.463235965185086;-0.0010020128217983933
5.393205177100618;6.4776580193640285;-0.0010010835584567945
5.385247132601611;6.492045244208247;-0.0010014219433502058
5.376953698073531;6.506818244247599;-0.0010013581086386891
5.368812464593013;6.521108555718397;-0.0010014828067715052
5.360582552453435;6.535348842934322;-0.001001780752449867
5.3520215240125975;6.549944688731592;-0.0010018598370869491
5.3436137586933725;6.5640560186813115;-0.001001539966397104
5.3351066928190845;6.578107421505421;-0.0010014589138402086
5.3262349555776405;6.592532093917818;-0.0010013653786558226
5.317524641235672;6.606474542701099;-0.0010014454284043087
5.3087180473602045;6.620357421055972;-0.0010017044022772384
5.299557114512781;6.63457295627472;-0.0010016990579118194
5.290552193428634;6.648316356632182;-0.0010018707454309342
5.281451524697099;6.661973211365997;-0.0010012866932491878
5.271954563721375;6.675985570520232;-0.0010013939459656458
5.2626299796846645;6.68951552370593;-0.0010014306314424862
5.253201546162773;6.702974339336493;-0.0010016543657248404
5.243394608801248;6.716738807654594;-0.0010015464421066558
5.233751017936684;6.730035221306646;-0.001001704634911442
5.224003238732492;6.743238082375589;-0.0010012989499983901
5.21383817576693;6.756755690486094;-0.0010014297615882212
5.203854241956998;6.769796048506186;-0.001001438168146563
5.193759213902925;6.78275133600321;-0.0010016319112511572
5.183260514824855;6.795981149254376;-0.0010014611105444993
5.172934953383387;6.808744607016775;-0.0010015729166305658
5.162491103273866;6.821409752054895;-0.0010018360687043502
5.151616060782861;6.834339660618147;-0.0010014605714969566
5.14092958595734;6.84679904596128;-0.0010014772576914799
5.130125759463413;6.859156378537936;-0.001001638734455558
5.118892009593749;6.871752689498552;-0.0010014486382791815
5.107844126186229;6.883882323952986;-0.00100143766258734
5.096668966527945;6.895897693859465;-0.001001655994840641
5.085032716316976;6.908144986261064;-0.0010014209484001738
5.073609238451574;6.919910404672615;-0.0010015417638545542
5.06205972183034;6.931557847325659;-0.0010016700643760111
5.05005355887213;6.943403287764947;-0.001001431356009306
5.038248856066914;6.954780973848155;-0.0010013368571734002
5.026310481012445;6.966023299949419;-0.0010015179333076885
5.013874838679727;6.977460666171434;-0.001001823782562996
5.001687104182837;6.988404367038729;-0.0010013130952963543
4.989364085614049;6.9992104955161025;-0.0010016771775761407
4.976559402945611;7.0101664501276275;-0.0010014020857725923
4.963974035488745;7.020654263590167;-0.0010012714350366783
4.9512516557047626;7.030980944530302;-0.0010013755151507438
4.938003211669748;7.041449774171791;-0.0010016553262718053
4.925016286880655;7.051438391845374;-0.0010019786016221728
4.911918782674521;7.061244232379375;-0.0010015204228049739
4.898305419199542;7.071150905359712;-0.001001373649504339
4.8849323018480035;7.08058951522381;-0.001001237891173564
4.871422277804871;7.089837022875391;-0.0010012857136686149
4.8573623434396405;7.099162976451884;-0.0010015114677926554
4.843584472476693;7.108015520409893;-0.0010018916820240323
4.829727294751187;7.116696487826251;-0.0010011074596566645
4.8153216480044865;7.125399463725003;-0.0010013736081587142
4.801174513124875;7.133601973562731;-0.0010012367967861119
4.786895323919045;7.141579081801907;-0.001001236728367657
4.772048835540256;7.149560114919133;-0.0010013966633307461
4.757513365484678;7.1570729074209725;-0.001001778234820734
4.742877249650376;7.164346219943416;-0.0010015141560255868
4.727667198056926;7.171594019738091;-0.001001102528322511
4.7127956270197995;7.17835450497917;-0.001001314021144794
4.697803485675591;7.18485106445333;-0.001001231561137357
4.68223543008562;7.191266289653474;-0.0010013528234163425
4.667015256305516;7.197219691477174;-0.0010017002993184705
4.651705583310041;7.202899649731901;-0.0010015776650290353
4.635933086561659;7.208465622937065;-0.0010013354154721384
4.6207343085176245;7.213669104634896;-0.0010007612427405353
4.605259959486125;7.218873986563828;-0.0010012816112321098
4.58914975749486;7.224247725199187;-0.0010015079626016776
4.573502709968002;7.229431817091697;-0.001001790491095611
4.557864679410556;7.234582671650535;-0.001001360002374864
4.541725837924742;7.239865125804999;-0.0010018287088015831
4.526058469837191;7.244954816001072;-0.0010015763693024295
4.510375015559354;7.250012061326596;-0.0010014886448600352
4.494202722830477;7.255187382849513;-0.0010014952579129668
4.478493940761639;7.260176171422133;-0.0010017094031192532
4.462793392370812;7.2651267030083755;-0.001001246054094164
4.446591008683011;7.270199311287545;-0.0010017630589303841
4.430859073834339;7.275082520960289;-0.0010014200855238513
4.415111815119485;7.279928575724862;-0.0010015494985236052
4.398873289258934;7.28488217585475;-0.0010014858605961775
4.3830988989892665;7.289651859682021;-0.0010016444378680885
4.367329469641581;7.294379650501342;-0.0010011889555779571
4.351061794377333;7.299216892327711;-0.0010016919139331018
4.335257564314645;7.303870362985909;-0.0010018779932261003
4.319446100364372;7.30847958290785;-0.0010015541030588132
4.303137358794951;7.313185513614498;-0.001001490288410383
4.287293792002597;7.317710368574831;-0.0010015981691141526
4.271450609621763;7.322189741734659;-0.0010012508506131446
4.255115590847319;7.326763691930797;-0.001001613729128551
4.239238221375776;7.331159264323592;-0.0010018463036814244
4.223355624110667;7.335505260390048;-0.0010017360943664969
4.206973143700257;7.339934643899128;-0.0010015059147716505
4.191057214574924;7.344186060718641;-0.001001567510635546
4.175136906361354;7.348388005361219;-0.001001498185706301
4.158731712873651;7.35266804826652;-0.0010015977761748604
4.142779591045885;7.356775032680342;-0.0010017322585254389
4.12682231237577;7.360827092546429;-0.0010013567018915294
4.110362011578268;7.364947845186209;-0.001001549875241474
4.094371203682496;7.3688938328140114;-0.0010015532745769988
4.078371933319111;7.3727856006051;-0.0010017244166311626
4.061884908479017;7.376742177880878;-0.001001595056634913
4.045857227057065;7.380530942421423;-0.0010016594314758188
4.029819208963125;7.384260613855398;-0.0010018227265966226
4.013284897497663;7.388040242914432;-0.0010015582256387608
3.9972186810124146;7.39164969982335;-0.0010015543802768742
3.9811413433816765;7.395199262946121;-0.0010017675923984434
3.964588191422194;7.3987908140954115;-0.0010014549507855915
3.9484832239784025;7.40221858152726;-0.0010015954342916834
3.9323649941240566;7.405581408402336;-0.0010018217704160746
3.915751705573802;7.408975625262164;-0.0010017584525846557
3.899609057154752;7.412203776030549;-0.0010015712902925432
3.883453796446552;7.4153655480812155;-0.0010017427019895948
3.8668260291634686;7.418548942490029;-0.0010011717773169247
3.8506450031597286;7.421573724605991;-0.0010015168116629738
3.8344497266309143;7.424526511202121;-0.001001696271491357
3.817757822431386;7.427490553540234;-0.001001427862475486
3.8015394297798357;7.430293285966698;-0.0010016205194670162
3.785309288828262;7.43302201027302;-0.0010017196401323133
3.7686092473037154;7.435750370826324;-0.0010010127466652148
3.752356047740887;7.438325353223825;-0.0010014514432730402
3.736088086808683;7.440819935274676;-0.0010016260371042973
3.7193167838237167;7.4433046804384935;-0.0010018565823296
3.7030316132801118;7.445631992972274;-0.0010016574189247451
3.686732255735157;7.447877354402294;-0.0010017168651241838
3.6699637953907174;7.450098638547372;-0.001001004418917567
3.653645651014418;7.452171415165008;-0.0010014107750992152
3.6373127563504695;7.454154348012037;-0.0010015492649862179
3.6204733451797315;7.456102931301724;-0.0010017698150899465
3.6041260582310453;7.457900282373067;-0.0010016889896954928
3.587766389277516;7.459606155431545;-0.0010017388822823187
3.570938500543207;7.461262022905934;-0.0010010152974006675
3.5545658914117118;7.462774305922706;-0.0010013783979387035
3.538180171968761;7.464186126614738;-0.0010014595244603255
3.521287040249097;7.465535565229405;-0.0010016818608326976
3.50488710634444;7.466741959183637;-0.0010017591984827108
3.4884828306779587;7.467845686379927;-0.0010018037674937828
3.471611882860479;7.468871138866272;-0.001001038927350817
3.4552012222148822;7.469758720236463;-0.0010013620823907526
3.4387802022785734;7.470534089004496;-0.0010013927905808337
3.421853263067614;7.471215607659728;-0.0010016035140626087
3.4054198423994286;7.471762748496166;-0.0010018856270290928
3.388991027018812;7.472196105247036;-0.0010019325171892954
3.3720985315165466;7.472519584280692;-0.001001075417077564
3.355672772453577;7.472711394022207;-0.0010013606895167802
3.3392413864630734;7.47277804315693;-0.0010013439065704628
3.3223086200599377;7.4727158892187555;-0.0010015029168903462
3.3058729484887164;7.472528653878531;-0.00100176669403243
3.2894444226188084;7.472215839658896;-0.001001864354457118
3.2725684871169602;7.471759475382377;-0.0010011222067331169
3.2561614387641487;7.471179712524908;-0.0010013790283807562
3.2397543729412863;7.470460544147489;-0.001001318501853303
3.2228538095296186;7.469574024635849;-0.0010014299148749656
3.206455379784794;7.468572436797196;-0.0010017212280623439
3.1900707427169572;7.46743471002215;-0.0010020943832656504
3.1732312342569657;7.466158453749495;-0.001001427375861022
3.1568832722284106;7.464715632214042;-0.0010013802145559386
3.1405477987432175;7.46311784479347;-0.0010012923595837109
3.1237305919796556;7.461310310654452;-0.001001354130815979
3.1074220102707963;7.459399505627771;-0.0010015940392550313
3.0911318440496047;7.457335304858364;-0.001001958192324022
3.074400460484245;7.455106225724067;-0.0010011614740139847
3.058173218923221;7.452734408987529;-0.0010014344970799872
3.0419720356378317;7.450168765084858;-0.0010012915145818438
3.0253058279674496;7.447347328177002;-0.001001303500547019
3.0091563635938283;7.4444363074594095;-0.0010014820706251426
2.993036354081476;7.441356003439662;-0.0010018253438417585
2.9765001698594173;7.438017781822626;-0.0010021678247196068
2.9604970231147276;7.434585646631276;-0.0010012447515861216
2.9445122874106535;7.430953061083647;-0.0010013131853328187
2.9280862061498762;7.427015133307917;-0.0010012799442603547
2.9121861846820143;7.4230037883121165;-0.001001410547466157
2.8963320437869244;7.4188070334254075;-0.001001703161594758
2.880083228902712;7.414292796306166;-0.0010018388910508734
2.864370765450808;7.409706341489484;-0.0010013030098871452
2.848718668846037;7.404912746323985;-0.0010013734878831296
2.832646546147452;7.3997581799657715;-0.0010012843890723488
2.817111043227389;7.394549246774383;-0.0010013750590667468
2.8016432912394538;7.389139170934087;-0.001001622925163436
2.785812653208912;7.383359041422855;-0.0010015941193272301
2.770516851217448;7.3775224017347485;-0.0010017633334645434
2.7553301114653923;7.371474368887249;-0.0010008326734692354
2.7397566891572347;7.365004068152569;-0.0010013538927506373
2.7247317069947514;7.358502253437158;-0.0010013785711355805
2.7098033347855983;7.351785364931743;-0.0010015008548765296
2.694555454273048;7.344645381887527;-0.0010013519555282825
2.6798538815188215;7.33747048929585;-0.0010015260149744964
2.6652706594779914;7.330063904107756;-0.0010018454065858287
2.6503927876071725;7.322197524191392;-0.0010013385660685922
2.6360601843012392;7.314317181658722;-0.0010014459054628923
2.6218615634017635;7.3062120244397;-0.0010010607311239754
2.607394158229287;7.297627446286529;-0.001001234239995718
2.5934918040894117;7.289037334570508;-0.0010013313594012668
2.579741417424868;7.28020112775719;-0.0010015753610326632
2.565747399166357;7.270848707944315;-0.0010017558354457716
2.552342494108775;7.261530599137164;-0.0010016912186425093
2.5391021034186725;7.251973415315166;-0.0010012165121918437
2.5255546673057765;7.241865030670479;-0.0010014568968128613
2.512401285791049;7.231934447842666;-0.0010014045786537785
2.4992626603760164;7.221975730712509;-0.0010016453044801865
2.4857458669526586;7.211690248761657;-0.0010020416099035603
2.47266170412517;7.201689974644552;-0.0010016952407174914
2.459596084512492;7.191661840283454;-0.0010011802635040666
2.446149211371544;7.181299232889573;-0.00100143294427164
2.4331172270910892;7.171211038157264;-0.001001411538714636
2.4201044333133384;7.16109317826842;-0.0010015801998654005
2.4067191578705294;7.150639239789527;-0.0010019110528117561
2.3937641351979715;7.140474035313687;-0.0010013406943507643
2.3808319901989656;7.130279022658792;-0.0010013231270761293
2.3675237201468464;7.119742926693036;-0.0010014485963291027
2.3546281844537402;7.109485426472675;-0.001001389414596307
2.3417548047504995;7.099195427639673;-0.001001512118360793
2.32851515369337;7.0885603552516345;-0.0010018076662326875
2.315697295661474;7.078212377054715;-0.0010019254282569341
2.3029160638751867;7.067839807330416;-0.0010016962945038586
2.2897710064895858;7.057119938586714;-0.0010014367849177988
2.2770316121762963;7.0466740275137125;-0.0010013797013495446
2.2643177208219347;7.036192574469887;-0.0010014606784847745
2.251245282668321;7.02535655240315;-0.0010017262114840816
2.2385876462423058;7.0148067891802075;-0.0010021239841268847
2.225976495883973;7.0042354972938625;-0.0010020337652366026
2.2130126487416173;6.993309317191861;-0.0010015716914344025
2.2004496278167456;6.982657314365949;-0.0010013832698567565
2.187915839919455;6.971966411364125;-0.0010014154885581127
2.1750327271204353;6.960910927559714;-0.0010016393272213077
2.1625604036115282;6.9501432639852245;-0.0010019907093208671
2.150137202511182;6.939351544556608;-0.001001477123268292
2.1373766230599798;6.928197830989266;-0.0010016655687466007
2.1250133744801007;6.917320140741239;-0.0010013930485705397
2.1126837186476126;6.906400034595211;-0.0010013819883577212
2.100015501700902;6.895104704821077;-0.0010015536945779287
2.0877548566261166;6.884099593208838;-0.0010018858175624389
2.075540084937767;6.873062569017544;-0.0010018799155767089
2.063010946636366;6.861661768481115;-0.0010014907286339525
2.050873639895246;6.850537597771372;-0.001001410794452446
2.0387753500825294;6.839367639928026;-0.0010013610284836764
2.0263508002964445;6.827811008110297;-0.00100148476537993
2.0143310344528187;6.816547864371683;-0.0010017940898242317
2.002355466990922;6.8052443558862885;-0.0010022268508132794
1.9900864563614749;6.7935745032970045;-0.0010014317630593628
1.9782057832899933;6.782182691298183;-0.001001444735831268
1.9663700043161945;6.770741249649379;-0.0010013546194496507
1.9542219933445777;6.758900845729309;-0.0010014304439923474
1.942476241482843;6.747358038516088;-0.0010016937712945054
1.9307779638795184;6.735768644946612;-0.0010020839357053751
1.9187959234074414;6.723802175335565;-0.0010009074876035744
1.9072060549470649;6.712119500928424;-0.001001519515108882
1.8956685646159865;6.70038407417987;-0.001001360188201305
1.883834841762548;6.688236549409197;-0.001001387029840338
1.872400906700393;6.676391546549802;-0.0010015937629912625
1.8610196616108263;6.6644945810432255;-0.0010019705380153489
1.849376927749064;6.652209419168653;-0.0010012748816535383
1.8381297575491775;6.640217075301379;-0.001001551433079631
1.8269358128590432;6.628160628421027;-0.0010013757426687274
1.8154641055606553;6.615678085006502;-0.0010013590880079276
1.8043893955732744;6.603503802895872;-0.00100151620474229
1.7933743232350354;6.591272718843558;-0.0010018676268396427
1.782107525721932;6.578628806516538;-0.0010015924392702026
1.7712452366082823;6.566300022323119;-0.0010016747123403683
1.7604424025317083;6.553899260453383;-0.0010014054405376067
1.7493830366620815;6.541057850546073;-0.0010013478739015896
1.738717593725006;6.528531185151318;-0.0010014590965089082
1.7281204367009668;6.5159434145954815;-0.0010017562899897851
1.7172903442623368;6.502923931420391;-0.001001517977414535
1.7068656322482343;6.490233048078473;-0.001001129244996811
1.6965108920368306;6.4774641551948955;-0.001001476306018316
1.6859235728897206;6.464239236262943;-0.0010013546543180714
1.6757267181604931;6.451336450532633;-0.0010014151846210496
1.6656083724627104;6.438368699572149;-0.001001659980711271
1.655280676865759;6.424951711365212;-0.0010014336162670508
1.645346221708474;6.411862105671537;-0.001001899451720207
1.6355067639985112;6.3987086792457255;-0.001001632558052433
1.6254588273772146;6.3850786272934;-0.0010013759250338157
1.6157973533924177;6.371778922226095;-0.0010013913206835326
1.6062262044688873;6.3584108381600055;-0.0010015905510983893
1.5964749461909553;6.344578432637744;-0.0010013877586257658
1.5871111455744815;6.331080018345131;-0.0010017839834219854
1.577857755999493;6.317519815882521;-0.001001141637857146
1.568426548633338;6.30346385203948;-0.0010014336027994314
1.5593781238442932;6.289748957900431;-0.0010013904625429879
1.5504336297515058;6.275962956573296;-0.0010015435965452651
1.5413439445679291;6.261700619841835;-0.0010012020499941612
1.53263527074498;6.247779359641309;-0.0010016467690530002
1.5240444626783745;6.233785468769079;-0.0010017940696561561
1.515322783966277;6.219296254325357;-0.001001489978094277
1.5069753987890793;6.205153632359507;-0.0010014100103657511
1.4987475349803019;6.190938176573091;-0.0010015211468968714
1.4904151205575071;6.176238196197438;-0.001001006771170477
1.4824556147306336;6.161885753933881;-0.0010015215698424632
1.47462813280558;6.1474547289373564;-0.0010017119626044256
1.4667133342648457;6.132521709156187;-0.0010012266085317918
1.459166594273564;6.117944996217115;-0.0010014742219489892
1.4517578284702024;6.103296557678486;-0.0010015299117190034
1.4442907489510206;6.088159767331458;-0.0010009819404577236
1.4371871223072328;6.073376715612892;-0.0010014049126777363
1.430234658032951;6.058513739757128;-0.0010015741153732022
1.4232356127822194;6.043128460251069;-0.0010018015355977988
1.4166060634212623;6.028129745241157;-0.001001591035531893
1.4101322112932073;6.013056312101484;-0.00100157724686753
1.4036511116885615;5.997494660341298;-0.001000956769112913
1.3975234696812835;5.982292836322702;-0.0010013327236863094
1.3915698100004223;5.967014138781144;-0.0010014409810541955
1.3856208361454452;5.951199862986333;-0.0010016790082555543
1.3800327446434462;5.935793750129579;-0.0010013182291768938
1.37462384105584;5.920316992252235;-0.0010017071667338638
1.3692636310851116;5.904357010954414;-0.001000938276181751
1.3642475004412757;5.888764823451295;-0.0010012873840236289
1.3594313127821733;5.873103751259677;-0.0010013246313054953
1.3546799169020134;5.856901246201094;-0.0010015483721390744
1.3502745408109473;5.841116220953944;-0.0010018614644858662
1.3460781477033879;5.825286558105015;-0.0010019931237648279
1.341988541708506;5.808974427121384;-0.0010009467689017018
1.3382348638571524;5.79304393603968;-0.0010012600816443687
1.3347094109037516;5.7770572302875705;-0.0010012557442582483
1.3313167368518473;5.760531341256023;-0.0010014043021669694
1.3282572631404808;5.74444247530663;-0.001001723961054253
1.3254200112346666;5.728318709081113;-0.0010021578151515192
1.322733857674461;5.7117221112339625;-0.0010013255528482645
1.3204085686108864;5.695536094075978;-0.0010012719847478924
1.3183416113049418;5.679311913327185;-0.0010012236997600059
1.3164827973381663;5.662560229711584;-0.0010013119249173835
1.3149420175229836;5.646270614162536;-0.0010015971652219992
1.3136602087752076;5.629965268776405;-0.0010017828082999614
1.3126028560816438;5.613172012968096;-0.0010019800134051272
1.3118781405195494;5.596855711112655;-0.0010013323683459585
1.3114430000762658;5.58052331705496;-0.0010012321176274576
1.3112980433941461;5.5636870836245516;-0.0010012737094887598
1.311451942648378;5.5473430946689986;-0.0010014985421401765
1.3118945380724358;5.531017864165914;-0.0010011469149763218
1.312615397735015;5.514238595659382;-0.0010023379659545757
1.313464929700944;5.498158101038721;-0.0010007732269462985
1.3144156445569775;5.48193246064183;-0.0010008652126947334
1.3154606162480171;5.464988042012705;-0.0010014078064233926
1.3165080032236598;5.448536098573916;-0.0010015570100983737
1.3175879525892065;5.432086134803569;-0.0010018060388598017
1.3187321754612378;5.415143346643773;-0.0010019559451820877
1.3198761822009961;5.398718375894576;-0.0010010698845782165
1.3210585225455576;5.382283974017444;-0.0010014837399075181
1.3223143973175318;5.365351210910012;-0.0010014092835746967
1.3235699117057476;5.348916282784102;-0.001001525096198972
1.324861316619826;5.332482773287767;-0.0010018131744444977
1.326229286080496;5.315561288411594;-0.0010018276649347707
1.3275958695216874;5.299151132174573;-0.0010016099610831233
1.3290048978045912;5.282746113528453;-0.0010015103671610938
1.330499373143004;5.265835685768224;-0.0010014109863140733
1.3319905230032798;5.249423256537711;-0.001001489060316163
1.3335215372470577;5.233012921668357;-0.001001742562560498
1.335140563828419;5.216116673076918;-0.0010017853659208438
1.3367551944957892;5.199723119626505;-0.0010020135561133146
1.3384146198559237;5.183351648873784;-0.0010015871085563566
1.340173158574044;5.1664696624377004;-0.0010014226008808191
1.3419250631920372;5.150086102005243;-0.0010014611055259096
1.3437211016829242;5.133705650414999;-0.0010016624816989277
1.3456178369626683;5.116842613394166;-0.0010018251188979102
1.3475068688871605;5.100478009899798;-0.0010019046873776562
1.3494433638138417;5.084141537182002;-0.0010010006830738945
1.3514939642541077;5.067295252992817;-0.0010014597436162655
1.3535341061867212;5.050948488512708;-0.0010014435693639842
1.3556232535737258;5.034605987627993;-0.0010015925470561148
1.3578267522398262;5.017785790385451;-0.0010016922196749815
1.3600193269377865;5.001460487650856;-0.0010018002577275448
1.3622635626400001;4.985158155960057;-0.0010013029224943924
1.3646359183854635;4.968365520079256;-0.0010014611602837155
1.366994810691369;4.952065371203566;-0.0010014397747438522
1.369408095484066;4.935771028388601;-0.0010015460286338165
1.371951385253107;4.919002931797179;-0.001001396870681192
1.3744800063363969;4.902728601348556;-0.0010017184374039659
1.3770664766070442;4.8864694008796725;-0.001001961104354302
1.3797941500128004;4.869743356114228;-0.0010016718419076504
1.3825057526416233;4.853502395406716;-0.0010014472178244173
1.3852776960638293;4.837269070871529;-0.001001519426116565
1.3881977660308888;4.820563209918906;-0.0010013649547322735
1.3910984124827825;4.804355482246644;-0.001001649933035826
1.3940637120112922;4.78816048350202;-0.0010018599081386553
1.397185320707084;4.7715105088304055;-0.0010010437590035927
1.4002878284194948;4.755343176969933;-0.0010014806929290881
1.4034569110851878;4.739186997446039;-0.0010015057504646763
1.4067940763945435;4.722559928551013;-0.0010015118456203759
1.4101062521687993;4.706437144519802;-0.0010015717450629
1.4134906430721716;4.690327325270699;-0.0010017444232619452
1.4170504716570937;4.6737608780567355;-0.0010012847313861407
1.4205834829376143;4.6576947030914155;-0.001001494714315404
1.4241917147082503;4.641635654902428;-0.0010015047259128822
1.4279890485184863;4.6251119090667645;-0.0010015385632201924
1.4317554676650026;4.609094915203641;-0.001001502620850487
1.435602079243749;4.5930935684506515;-0.0010016500768772786
1.4396474364941083;4.5766314511259845;-0.001001938132231553
1.4436538725348633;4.560691794554166;-0.0010015576394907383
1.4477463129718446;4.544754461566409;-0.0010015183361575253
1.452050248377067;4.52836235751293;-0.0010015323316773898
1.4563166759139161;4.512477563189216;-0.0010014454979655613
1.460671853232973;4.496612767623352;-0.0010015534128067598
1.4652506387186133;4.480292225358354;-0.0010018131529453793
1.4697795858009615;4.464498406055499;-0.0010010218315891842
1.4744042792707606;4.448714291106878;-0.0010015649611429187
1.4792650508301224;4.432486279452341;-0.0010015588062383084
1.4840807513795744;4.416766665503739;-0.0010013926993572599
1.488994404458619;4.4010725955074035;-0.0010014637664591507
1.4941584280234945;4.384932631612597;-0.0010016899130265884
1.4992658223827349;4.369307706326794;-0.0010018066838996358
1.5044710607205185;4.353723291083804;-0.001001685413339632
1.5099425339830421;4.33769889076492;-0.0010016028033304203
1.5153603816747179;4.322184677760152;-0.001001359270406961
1.5208860228325662;4.306703010299205;-0.0010013977122659556
1.526690814035261;4.290789152176801;-0.0010015822160597265
1.5324316776113591;4.2753834538564215;-0.0010018965560098514
1.5382725827422894;4.260039394750823;-0.0010011898947645988
1.544412346070487;4.24426674592086;-0.0010016534803309989
1.5504880612788492;4.229007730068789;-0.0010013638262003563
1.5566820788664184;4.2137895727070145;-0.001001347584372883
1.5631860312677992;4.198157028485357;-0.0010014673724463574
1.569616442253104;4.183031589584763;-0.0010017484483789071
1.5761574495199755;4.16796714553297;-0.0010016654039787624
1.5830233927735058;4.152508463184095;-0.0010017089467210215
1.5898153958751635;4.137563410496239;-0.0010013652307109128
1.596736148428842;4.122671103572207;-0.0010013164980467414
1.6039996553810911;4.107386513853561;-0.0010013815166138688
1.6111781322333156;4.092609699727637;-0.001001628867106013
1.618480907369884;4.07789508215718;-0.0010020134396307098
1.6261299843947157;4.062813288833708;-0.0010015675523237302
1.6336962107161426;4.048254190672043;-0.0010014153620637178
1.641401984328769;4.033763178782718;-0.001001307634074123
1.6494852025276934;4.018906911988957;-0.0010013226176526988
1.6574698201353308;4.004560287113694;-0.001001500074350667
1.6655900798984318;3.990287717608698;-0.0010018558361841526
1.674067406500211;3.975683170780014;-0.0010015533569676105
1.6824319107814025;3.9615917769388083;-0.0010015244674178164
1.690988159247437;3.947598335010357;-0.0010013164786268902
1.6999582546116438;3.9332727707124726;-0.0010012852325754114
1.708813706669376;3.919459093454507;-0.001001406339674011
1.7178150069309464;3.9057363098865046;-0.0010017300682539886
1.7272338318985592;3.891710502723018;-0.0010019510318644946
1.7365019066290224;3.8782167899096422;-0.0010010275781133539
1.7459632010627482;3.8648317127781575;-0.001001370034978688
1.7558750079993883;3.8511554178390734;-0.0010012760259471391
1.7656536210634322;3.83799340134667;-0.0010013498651915004
1.7755867123055906;3.8249437828404464;-0.0010016025571012166
1.7859677599341082;3.811648419716911;-0.0010014113266910464
1.796212742859088;3.7988712008817034;-0.001001864672830765
1.8066177825717287;3.786236755604029;-0.0010015686234998607
1.8175173650621947;3.773351246039895;-0.001001297141949714
1.8282623192151972;3.7609822884293016;-0.0010013243971444472
1.83916840025847;3.748751569179209;-0.0010015310886346517
1.8505436202430283;3.7363385063287295;-0.0010011146772346095
1.8617746947780303;3.7244281512347737;-0.0010016822134792415
1.8731657135383286;3.7126905980788556;-0.0010010571150608771
1.885085245487975;3.7007659309628664;-0.001001363000482685
1.8968263977554947;3.689358276857913;-0.0010013408334994048
1.9087321991449033;3.678119511079069;-0.0010015271846046461
1.9211276570266456;3.6667660827437922;-0.0010009464261777935
1.9333639088472958;3.6559099628209193;-0.0010014701099766987
1.9457717023484886;3.6452493755579454;-0.0010017132919287637
1.9587179464107654;3.6344879839682815;-0.0010011109121074134
1.9714651489269646;3.624239442836518;-0.0010014279128117073
1.9843743916091188;3.6141967216369277;-0.0010016045540634406
1.9978011159624265;3.6041069360423257;-0.0010010928181159416
2.0110370141057046;3.5945234111355613;-0.0010012873087441969
2.0244428982208635;3.5851737779365416;-0.0010014884208310315
2.0384245647353594;3.575791191428375;-0.0010018204893320441
2.052145753132138;3.5669408721149765;-0.0010016780445513199
2.066026265329359;3.5583339891221972;-0.00100150888381113
2.0805458855762176;3.5496499921688;-0.0010014257931530157
2.094754560023764;3.5412760290612755;-0.0010013518725058984
2.1089731948770294;3.532933019348195;-0.0010015536283292936
2.1236397558516438;3.524364583097742;-0.0010018819785090963
2.137882953689305;3.516081655615576;-0.0010014546156334007
2.152144659181055;3.5078273833703797;-0.0010019141727691423
2.1668369690640152;3.4993598954774985;-0.0010015367226662505
2.1810493791550534;3.4918813717175654;-0.000995551752234456
2.194595055584481;3.491205934336399;-0.0010016720447682814
2.2086100696931266;3.490312997734932;-0.0010021122416716648
2.2222406028348587;3.489350271936908;-0.001001421123213636
2.2358238860482804;3.4882760899894523;-0.0010015120964291073
2.2497654042058186;3.486596269169014;-0.0010009553677221839
2.2632433217066934;3.4839673466504557;-0.0010013194891464738
2.2766290310545427;3.480203815919277;-0.0010017635091368847
2.2902722956555945;3.475154779987287;-0.0010022402737887744
2.3033570603265705;3.469433859082172;-0.0010021895355151536
2.3163091188106857;3.463307370094542;-0.0010015436600199594
2.329470825615838;3.456569370204941;-0.0010009999361198368
2.3419308812313435;3.449313706578016;-0.001001405852513803
2.353851359397274;3.441224634723073;-0.0010016196638215034
2.3655179588413873;3.431966685135698;-0.0010020966401665457
2.376355424080436;3.4222012745553667;-0.0010025034140155112
2.386908225522657;3.412014738994401;-0.0010014874614556989
2.397506758488074;3.4012060068361354;-0.0010008765133391329
2.4073145109944774;3.3902206820442813;-0.0010013324769615646
2.4163747615859945;3.378627031103944;-0.001001481612615318
2.4248322107798055;3.365954755045899;-0.0010018563220698697
2.4322909763782525;3.3530018202953613;-0.0010023808321047677
2.439289883809335;3.3396311744666307;-0.001001443851572855
2.4461937206500726;3.3256378669100686;-0.0010009887262219137
2.452378222050036;3.311787879398896;-0.0010012495328233888
2.4577382947096185;3.2975473228137258;-0.0010013191591649526
2.4622477586647995;3.282361240004717;-0.0010015850461862624
2.4657127186370387;3.267125112372245;-0.0010019985531578186
2.4685642431819104;3.2515222953357474;-0.0010021534345857584
2.4711847575441555;3.235289987902198;-0.0010013713356048087
2.473269983186063;3.2194186348745095;-0.0010011073335906076
2.474556992949999;3.2032804615094683;-0.0010011167726841179
2.4748965640931164;3.1863390860135294;-0.001001430405323394
2.47500464925835;3.169867737348406;-0.0010016472053753674
2.4751724384499836;3.1533965614416393;-0.001001966179429152
2.4754107054271173;3.136435638543921;-0.0010015622959299933
2.475708272659918;3.119981650619233;-0.001001493792771098
2.4800407654054677;3.105869439187712;-0.0009406011489396064
2.4871456071171885;3.0929271941029564;-0.001001677444400658
2.493943198163591;3.0801774287958916;-0.0010017863459092953
2.500669846087679;3.0673179358581435;-0.0010023953154838054
2.507497794526309;3.054074960443551;-0.0010006594062965703
2.513982385426469;3.041230032899049;-0.001000683301792725
2.5202470478385006;3.028322965313844;-0.0010008784666467457
2.5263437618179054;3.0149333278125603;-0.0010013660616017689
2.531784174599556;3.001850732934627;-0.0010018897580030897
2.536751999313109;2.9886895079388465;-0.0010024823818080009
2.5414652267918454;2.9751146770259207;-0.0010011157203037302
2.5457821562491945;2.9619507969570327;-0.0010008944726830685
2.5495988902500057;2.9487989791009537;-0.0010010416700748995
2.55275264288658;2.935314772992962;-0.0010014628814181796
2.5548481281291773;2.9223510825963177;-0.001001962543425567
2.5559850611043053;2.9095410500380865;-0.001002528905095501
2.5565074429513284;2.8973640533215352;-0.0010038543388591788
2.556788423964236;2.8861545048157438;-0.0010011783014375435
2.556496757971274;2.875116688717073;-0.0010012598704985491
2.555712509296194;2.866927268845292;-0.0007171277079043997
2.556268962990274;2.8671386209097127;-0.0007838622339314469
2.5564142776664833;2.867235214384473;-0.0009040724174924943
2.5564667639266867;2.86731463731594;-0.0010024677815739964
2.556428685090776;2.8672956979642583;-0.0010004557186709222
2.5562908787045937;2.867201537742853;-0.00100042306725618
2.5560065047593454;2.867037037043068;-0.001000567898890116
2.5557501441385293;2.86692754662548;-0.0009992384075684715
2.5557505836067484;2.8669325204428238;-0.0010009575170341622
2.5557501496963653;2.8669390707175775;-0.0010014524308315717
2.555751766000861;2.866938928781367;-0.001001214909633133
2.5557554134511085;2.8669260042861193;-0.0010000609128542857
2.555756951372734;2.8669218483112715;-0.0010000944459415857
2.555755989613029;2.8669212654443395;-0.0010002248245868789
2.5557557928395287;2.8669221494506716;-0.001000636288841901
2.5557556200902583;2.866926544985972;-0.0010012234530276456
2.55575565226914;2.8669294510478145;-0.00100103559645498
2.5557572413817837;2.8669228861935245;-0.0010001801675727923
2.5557587711135183;2.866918438248523;-0.0010002805955174263
2.5557583181393118;2.8669178591332525;-0.0010001952200151785
2.5557583157286494;2.8669175631399866;-0.0010005264043242007
2.5557591977651866;2.8669211848143004;-0.001001326212544014
2.55575630040841;2.8669260006915875;-0.0010009883918917148
2.5557606752682935;2.8669219383440763;-0.0010008649097414703
2.555760376713151;2.866915192878993;-0.0010001345423557365
2.555760304816332;2.8669151304640743;-0.0010002114915687345
2.555760386765514;2.866914475440705;-0.0010005793722656121
2.555762126109609;2.86691533041328;-0.0010010012966952288
2.555759494947027;2.8669183576355928;-0.0010009973501925104
2.5557605094663636;2.866917892635089;-0.0010007837915928137
2.5557617060267592;2.866915278726372;-0.0010001751217899209
2.5557604589115743;2.8669147420837473;-0.0010003991777828292
2.555761057705293;2.866913913365716;-0.0010004577281176354
2.55576359332744;2.8669123860463324;-0.0010010927371674506
2.5557612523223776;2.866913217059018;-0.001000845115487408
2.5557613977626654;2.8669139751440382;-0.0010006515367966054
2.5557634397217073;2.866912809370127;-0.001000405871936845
2.5557617504327417;2.8669152998095875;-0.0010003953864670956
2.555760740647782;2.8669164598525723;-0.0010005259353514338
2.5557624626104034;2.8669131502232723;-0.001000315665478247
2.555761322186553;2.866911550733417;-0.0010004391435846222
2.5557603253605126;2.8669137242029996;-0.0010006280726476934
2.5557619943715113;2.8669127566525705;-0.0010005537462535706
2.5557610798509183;2.8669173009664206;-0.0010003440053114147
2.5557581295056115;2.8669242846529333;-0.0010006856658083957
2.555757129568756;2.866918459860073;-0.0010000949089666589
2.55575839219362;2.8669158691204557;-0.0010001532125064778
2.5557576916072664;2.8669166823993764;-0.0010003615092847619
2.555758243414859;2.866917798377913;-0.0010006468037127847
2.5557607558632633;2.8669249793046343;-0.0010016061853581198
2.5557502759246815;2.8669401971290926;-0.0010008461401816403
2.555747947223241;2.866934101700355;-0.0010000463325152559
2.5557513377577474;2.8669285633932886;-0.001000021560505885
2.555751439206039;2.8669271861467367;-0.001000211206377305
2.5557504920132432;2.8669286697405494;-0.0010005107383725606
2.555750639817708;2.8669362849698077;-0.001001236504226101
2.5557480341652106;2.866953034207265;-0.0010016622409519116
2.555740688690965;2.866951335317672;-0.0010000446481499663
2.555740226113222;2.8669489933777954;-0.0009999961258573414
2.5557409546928023;2.866944413866014;-0.0010000230669409763
2.5557403869977993;2.866944669041163;-0.0010000710861877982
2.5557389727736175;2.86695029996035;-0.0010010010959936276
2.5557375680824803;2.8669624512479546;-0.0010015586670341532
2.55574076795395;2.866956949239407;-0.001000476182783365
2.5557475106775986;2.866939966012739;-0.0010001457969798372
2.5557484966994712;2.86693565368792;-0.0010001513116478164
2.5557473176418575;2.866934495522252;-0.0010002155332904591
2.5557477365633208;2.866936500611958;-0.001000724393469949
2.5557478439058263;2.8669401800426275;-0.0010009684544151354
2.5557471720007383;2.8669433401874036;-0.0010009700029297193
2.5557499835018422;2.8669348464311826;-0.001000041562783098
2.555751468152084;2.8669309982638023;-0.0010000653747891108
2.555750338667326;2.866930393354337;-0.0010005642716947039
2.555750469423495;2.8669309501979767;-0.0010005852518913047
2.555749812840002;2.8669346194357;-0.0010009121623663422
2.5557500349893614;2.866938313248967;-0.001001007541799749
2.555751992328113;2.8669322139941027;-0.001000109822600754
2.5557542101839585;2.8669268935400707;-0.0010001137302596275
2.555753685242511;2.866926253901735;-0.0010002045769498431
2.55575311292112;2.8669260848953533;-0.0010005032502147758
2.5557535904035174;2.866929818908624;-0.0010009519886149225
2.5557516598759835;2.8669349766436754;-0.0010010540741965425
2.5557556063038867;2.8669304007991907;-0.0010003509143148952
2.5557562128500564;2.866922968716247;-0.0010002089669363771
2.555756119537151;2.8669213687233137;-0.0010001728373955562
2.555755635380835;2.8669213706988947;-0.0010004650739018073
2.5557564232688557;2.8669239605878487;-0.0010009593092632878
2.555754601051799;2.8669287914307335;-0.0010011327039410323
2.555755817723178;2.8669282050791627;-0.0010008878434069127
2.555757596399748;2.8669204918066447;-0.0010001402707438788
2.5557573441223234;2.866916982133163;-0.0010002480906339158
2.5557578417563533;2.86691649543533;-0.0010002677104860025
2.5557592843123866;2.8669176992251786;-0.0010009008651436953
2.555757102308555;2.8669235565193563;-0.0010009343114568622
2.5557580996279112;2.8669239915582745;-0.0010009941169496633
2.555760672825956;2.866916113027956;-0.001000075113060002
2.555761364584717;2.866913132948827;-0.0010001436648406394
2.5557606786611213;2.8669132205189194;-0.001000598590920665
2.5557615185578384;2.8669132505648305;-0.0010007812783405373
2.555761076891864;2.8669163431990397;-0.0010008494968474467
2.5557594163590047;2.8669205002109277;-0.0010009053343066482
2.555761416717677;2.8669172609883624;-0.0010002471275179538
2.555761385271174;2.8669125679803327;-0.0010002986593953753
2.5557608678829293;2.8669109201230025;-0.001000148410363836
2.555762844777736;2.866910241951556;-0.0010005466423292503
2.5557635165792694;2.8669119453560628;-0.0010009085581429364
2.555761372307808;2.86691548526536;-0.001000782720906427
2.5557631735747237;2.866914577335139;-0.0010007174934309297
2.555763475874276;2.8669098225433083;-0.0010001609423238647
2.5557629454669515;2.8669079981993697;-0.0010003366251100827
2.555764673013206;2.866907283836157;-0.0010005984050962986
2.5557661992097684;2.866906695203803;-0.001000842629140082
2.555762970503226;2.8669119197112938;-0.001000885015502627
2.5557642041121014;2.8669112278776168;-0.0010007759010265647
2.5557654890109482;2.8669085139784443;-0.001000173224075012
2.555764318355182;2.8669071675129527;-0.0010003755183838718
2.5557653069611663;2.866906138982816;-0.0010005579576031036
2.5557676537254106;2.86690519924767;-0.0010009496621971627
2.555764890291093;2.8669076054000504;-0.0010007563654936859
2.555765156477342;2.8669086804933737;-0.001000742439014806
2.555767322969455;2.866906668778378;-0.0010002664545242373
2.5557655416455893;2.8669070214174823;-0.0010002763732021268
2.555765191344707;2.8669069519907744;-0.0010004600372704835
2.555767262066169;2.8669052028300226;-0.0010008366686733682
2.555765527472453;2.8669050677258037;-0.001000628533266195
2.555765392645786;2.8669066527594267;-0.0010006560932332743
2.555767950311181;2.866904846068414;-0.0010005801069073138
2.5557669997524064;2.8669052092580927;-0.00100035941043803
2.555765842051569;2.8669065299848637;-0.0010004037060571992
2.5557675336538646;2.8669047159787784;-0.001000686295849769
2.5557666062950553;2.866902227004845;-0.0010004804519576117
2.5557657752374374;2.8669046810967473;-0.001000869718121751
2.555767927698421;2.8669031000465974;-0.0010006162170049862
2.555768644981553;2.8669043401541954;-0.0010003613534918764
2.5557662377834727;2.866907847363176;-0.0010005075337017784
2.5557666810085653;2.866905881499225;-0.0010006106622809999
2.5557667667235484;2.8669010527515075;-0.0010005316528605458
2.555765653219348;2.8669034257420427;-0.0010005061962625843
2.555766857712863;2.8669034465846828;-0.0010008442646900935
2.555769963312871;2.866905227989396;-0.0010010184659649084
2.555764573398142;2.866912151386041;-0.0010006018776209623
2.5557638920433785;2.86691210381183;-0.0010006814437934844
2.555764181244209;2.866905234382445;-0.00100027737353681
2.5557639527445155;2.8669066458000176;-0.0010003523665567532
2.5557635609953544;2.8669073773910787;-0.0010005300339843044
2.555765974898879;2.8669087540835436;-0.0010009924626227934
2.555762161531944;2.8669171206860082;-0.0010004064307367229
2.55575942686964;2.8669225298543273;-0.0010008112012527479
2.55575947303551;2.8669132118620992;-0.0010000391739062725
2.5557600609153153;2.866912997470229;-0.0010004995142643865
2.5557591492964;2.8669142584767475;-0.0010005053571209496
2.555760239558943;2.866915418136832;-0.0010007835446526163
2.5557605176732814;2.8669256405441392;-0.0010008853829495297
2.5557522626674514;2.8669358479150695;-0.0010007687795391199
2.5557530155431336;2.866927356232313;-0.0010002347026984784
2.5557534177043792;2.866924157313994;-0.0009999639757595456
2.5557530133160093;2.8669243433790808;-0.0010002840708015388
2.555752761308314;2.8669267691685305;-0.0010007268003449504
2.555754368496315;2.866937007593268;-0.001001786096385092
2.5557414119345947;2.866957389220385;-0.0010008275192589337
2.555741309949354;2.8669480862240535;-0.0010000062957857547
2.555743646925649;2.8669414525630246;-0.000999939961609353
2.555743818189322;2.8669396841871992;-0.0010004200371210477
2.5557432292794036;2.8669418772460507;-0.0010007403361778217
2.555742398804952;2.8669513431296574;-0.0010013142159017788
2.5557422173617037;2.8669612575922536;-0.0010010869881172425
2.5557391347824745;2.8669538899535802;-0.0010000588284734407
2.5557406998242342;2.866947316462444;-0.000999966684890153
2.5557421188435447;2.866942032116334;-0.0010000293987320816
2.555741281403621;2.86694307845542;-0.0010000708864140416
2.555739519652636;2.8669508753571766;-0.0010011434039603126
2.555738874445487;2.866962359669448;-0.0010015520434935102
2.5557442212440744;2.8669494071267323;-0.0010003247279937524
2.5557503961376287;2.8669330832265376;-0.0010000607916908488
2.555751212518983;2.8669295566917223;-0.0010000078074405595
2.555750103543671;2.8669290728790178;-0.0010001925450293762
2.555748905146438;2.8669305691619646;-0.0010002522573574514
2.555750628891675;2.866938019069541;-0.0010012475193790227
2.5557519081430065;2.8669375741360907;-0.0010010642368370806
2.555756521547713;2.8669250288144648;-0.001000163067551827
2.555757403096036;2.866921062715582;-0.0010001119127363567
